x1,x2,x3,x4,x5,label
0.5401641717634017,0.725913735565445,0.731499785804993,0.5096447088991622,0.598138394712217,1
0.8404178634732682,0.5699568460074697,0.8687119755759141,0.25815840052880945,0.7853142703492412,1
0.8251177926309601,0.6416447187152928,0.905978191155953,0.506390415512645,0.8951175560956521,1
0.1577937473914789,0.2035092828472892,0.03538000078092718,0.021284631116198383,0.43950413633017305,0
0.029033487634682165,0.8443650268921057,0.026739989965731015,0.700892106063776,0.8522157443821967,0
0.31132679562504306,0.1994638138901187,0.0714003374355272,0.7971348578216698,0.651739872698618,0
0.21535016815023367,0.4091961998676368,0.9622982470159059,0.406524988989468,0.45843373056381853,0
0.13791913441512604,0.6664351527174397,0.30008048643567775,0.5276217526651861,0.42431703472670246,0
0.8426684074198049,0.31146528620969194,0.05822847825200517,0.059855841971864,0.2685477923716455,0
0.668005293239468,0.6294289149559625,0.1770639395484781,0.85433146468298,0.06609004726632894,0
0.5428558405370788,0.1691920550204694,0.2219982569704344,0.5293678392301819,0.6944825081185886,0
0.888162189089162,0.5126565821791396,0.192206613496399,0.2762036652566696,0.835779148316386,1
0.7050618476309813,0.46962310835271237,0.9350996589354335,0.5317225602516554,0.8921666223998662,1
0.4220117123729108,0.08418915247730163,0.40329970743094934,0.46088566390139085,0.28771324180985225,0
0.0021648095776006793,0.9516548987313194,0.3826491160536655,0.4202342574689807,0.5216577777008885,0
0.863102399761579,0.0762120597985868,0.6986044387567129,0.6387680863161553,0.10632513361178442,0
0.472343319316737,0.6420032000055735,0.7039937455399469,0.7029581731033568,0.9820362756387001,1
0.20782305670329237,0.583567676268061,0.45830756068693723,0.7909973911044201,0.9214346865907624,1
0.11624345676261971,0.7898183222334175,0.5745682784961305,0.549083278199469,0.5202885594362089,1
0.7498025200207952,0.7853608919813332,0.4334536698001096,0.5995463703552474,0.31790351934563854,1
0.7189735902605676,0.21536898668076532,0.683423107541123,0.8990540690505728,0.9061928087318277,1
0.04134453127700399,0.910536825986158,0.71825465243013,0.026527997959990612,0.804090003364095,1
0.611297786688388,0.7203934382868822,0.8033300346910598,0.7399301005131341,0.16627880276381757,1
0.43054158977064205,0.4609132268863323,0.9702717097604869,0.5820425731314716,0.4712969946166058,1
0.5333823573467777,0.9857723658751465,0.37632471830206937,0.7753344962608919,0.8159853631758283,1
0.8688478348543089,0.7251943967214292,0.9224194034857406,0.840994474947048,0.01411021778418331,1
0.8171086227764534,0.46685441003080874,0.07955836941867767,0.7392263134087986,0.555351394400134,1
0.595237164192914,0.8140209813627743,0.3549570771677242,0.9187332272318821,0.6708500880851317,1
0.7561558344737856,0.05861994181486274,0.048699975375519955,0.654611862823088,0.20208099772380872,0
0.43427051119840543,0.6426555738639529,0.7768873295555521,0.6958034433814745,0.8286292828042081,1
0.42206700047147927,0.3264549789014659,0.7809096738298603,0.7424588046964036,0.8766077861547037,1
0.24638729647351953,0.5806098650736562,0.3820532954638166,0.20065932928088304,0.9016715742296374,0
0.6009257625791161,0.016858501373062884,0.22089864197168818,0.8909364381698016,0.8048921088683593,1
0.2641972289744472,0.7336720054878345,0.7069649195179616,0.16557616567797584,0.06921619841738769,0
0.0038178719998868127,0.5458227623586169,0.9045128935384622,0.4189269425496448,0.09666100666863009,0
0.911401362526845,0.8849366423032444,0.4162519312955013,0.6002276160781278,0.5579815246850183,1
0.9552033031368171,0.7402967820254603,0.6940235538093252,0.16833391269402687,0.3223504143482777,1
0.2774379545761617,0.3138708228558613,0.5726816899915235,0.5179457775640244,0.1797418980312231,0
0.2624419829109659,0.5339035798061789,0.6628400592095385,0.5551554673380107,0.8097454407423407,1
0.5007446567306943,0.6327602510155493,0.7492868466974192,0.21417341080948238,0.1256702492134446,0
0.4913675948626248,0.9305720429541235,0.21079714032547503,0.6745058001417006,0.2663150631243709,1
0.7374297362275322,0.6391544756542544,0.8499501740549726,0.5402047987986547,0.5078169389258772,1
0.0845001488224818,0.6671741688017296,0.7859565014611657,0.9235683522485084,0.8943618174428296,1
0.21302722764490678,0.7608517335737938,0.8177627912305715,0.6175360121429115,0.22618813123172876,1
0.28666618721040604,0.26149865053517096,0.43772365920796463,0.5905900229380755,0.4581428678101984,0
0.0681332647979882,0.28181373975002044,0.6183652919975234,0.08820494272355495,0.4987552765950587,0
0.4734248532657954,0.8617401485619405,0.7468094782767296,0.7911407354182376,0.04784433800796051,1
0.5715899696947399,0.29975221387079753,0.9021665747170886,0.4451655440380784,0.41337607362853146,1
0.47934114500751535,0.39760134179510276,0.45770059050722045,0.6938132177213453,0.17081538634394278,0
0.7780833979461586,0.17120096203542268,0.6904910746360696,0.532110812217213,0.45956256387139616,1
0.12818500378822584,0.5373495918028186,0.10661935647751208,0.4795486252317236,0.27079565508167835,0
0.2912576871185052,0.6395242230301877,0.07147679718674327,0.5831920156510768,0.9406419932290516,1
0.3760058608372503,0.6443684777900176,0.5988371310321658,0.007843941607680427,0.5318620270832927,0
0.9380491526348294,0.3472792999341704,0.012055683235595915,0.8857385795611882,0.8954748521837372,1
0.10147992187210553,0.4085186813766133,0.3350431361937193,0.7598286647500737,0.9536613783810556,1
0.9295612453187202,0.08559594587049091,0.2388049194426477,0.9231892718507687,0.32641609625113865,1
0.1637687343272104,0.6990390285041883,0.3328866009449192,0.5912012249281666,0.47447909251141485,0
0.9491702231379666,0.46065557441282656,0.4829218545057079,0.3887281281886944,0.7589852193766289,1
0.36774709547536166,0.024990813268898293,0.5367308157843748,0.6030981929904946,0.555365344837089,0
0.8030400893523721,0.6744132230276222,0.35217976510011495,0.1580862863344462,0.47061958026570594,0
0.30637689726915085,0.256905869280703,0.7892177039113853,0.14088967299166477,0.7969127705503253,0
0.16526911812167855,0.42346870702085626,0.8046581182017294,0.038320854796144777,0.12730494074512344,0
0.6903450008339278,0.7487921876855977,0.28674812250086124,0.6462189919265032,0.6886205036425137,1
0.06907562991630456,0.27688901497410356,0.49280957351981824,0.3155337131940268,0.1603477690597792,0
0.9455055542513532,0.37993659269317415,0.6032009347354047,0.12030086083676561,0.3157069658184405,0
0.20322296150252173,0.5112872653227363,0.6837893857226066,0.2479061414074697,0.5045241359521395,0
0.340691087599318,0.6238544314657406,0.7180302234832553,0.8629766639301765,0.8262325999202706,1
0.9537619790858778,0.3147395378615506,0.7453041810336738,0.18286790443452172,0.6503285768134818,1
0.7905138426323677,0.2931132294537848,0.3824857326402804,0.02662860666986555,0.9365558428962356,0
0.17946812442161975,0.22633782953905435,0.5926809923014227,0.5994664237058067,0.15497227343621311,0
0.7678104851805581,0.44589128484119933,0.4725097104569109,0.5731942774518524,0.7756917248551434,1
0.8413241429233594,0.9739769711805182,0.8387759666451596,0.8806934548451044,0.8956821390553497,1
0.2309326425559488,0.9487178646923776,0.8808848945730499,0.8351762603453833,0.8557184441998062,1
0.9487459270845876,0.6786988532931938,0.6836417706070403,0.4733742384698112,0.9989775347400792,1
0.35041013454799597,0.4103002458424414,0.38467561493204316,0.0055388612622796485,0.5936861406972884,0
0.4999263298414339,0.3531787695118993,0.2706419265607968,0.27392223305301133,0.05425669018992252,0
0.34788966768038687,0.652383740156614,0.2720799855316425,0.5927015020316941,0.9342451261115317,1
0.062499689047729956,0.756300472974439,0.302311205746985,0.840273592436438,0.13065814585812796,0
0.949868510291847,0.35749135801598975,0.5312358318304157,0.944689883676245,0.7703274118295934,1
0.4161274007561273,0.352245613617297,0.5358159443234836,0.8250099297471958,0.3801953311777625,1
0.9880693285768648,0.3153729481656782,0.6365082835672227,0.8707589965458833,0.9111204502032979,1
0.11194630087086799,0.15930328888639367,0.22795260067271983,0.43943490249061035,0.22710616690945684,0
0.5531581707560292,0.9396551015603639,0.7974225970348271,0.4244391377942567,0.4306933274102438,1
0.12456717505899728,0.9493083093841127,0.07545675531370166,0.1332627890513074,0.25216131432922484,0
0.03645206595984829,0.3912671700570014,0.8846488343925729,0.5885224790422372,0.517438333026326,0
0.6005038389123102,0.48356116274742644,0.40685474530900767,0.8124943599302584,0.7020316075122899,1
0.4309834648974977,0.5383140876650291,0.7743531440033381,0.5716922386956912,0.31467529729988886,1
0.9483992970615793,0.7151515747039738,0.136214440747352,0.6461960641484605,0.4606928037997188,1
0.4925809297665872,0.4121048798640172,0.838092990448833,0.9123696923927024,0.9944548274359153,1
0.04082030436408657,0.38195117677461454,0.003978596352073871,0.3080654103705206,0.3539071378559452,0
0.7050137745895645,0.8352057697248257,0.8329770361734695,0.296435454795148,0.6966215114355842,1
0.9611348245672818,0.946891646046048,0.9379659202273049,0.060428578656028686,0.998026535617862,1
0.37799664478996053,0.9338595226880626,0.44899677564734675,0.047786071966997135,0.7170469092826408,1
0.0944105442108858,0.4464244048930147,0.14988307900441467,0.14431534056974538,0.10329727152558876,0
0.74662252734204,0.9306527487811627,0.5313548489696639,0.8685240444099372,0.4635217053308637,1
0.5068320052752441,0.5566796377565373,0.5258364243742287,0.18230171695769315,0.21127977089474403,0
0.46879704673703904,0.27097098128440533,0.14130966828425295,0.7125467105322604,0.7963877426634868,0
0.05496705069359431,0.27723916127778314,0.24477803949412358,0.33288017417843807,0.27794818304693025,0
0.2808376934416823,0.02372540618827046,0.6945976776761539,0.7928464568943812,0.875982077955504,1
0.4784810928939537,0.6767132602628905,0.5494954089235045,0.7944650686259491,0.42438854023368344,1
0.4590212236165424,0.7410442975192577,0.7024479173847191,0.6120447210048908,0.7788189124137539,1
0.9281079068861017,0.5678529069665554,0.28107853175382014,0.9901852453509495,0.442214213843821,1
0.3448100340005882,0.30505166616940915,0.5927604814018217,0.9555447561398835,0.05653782383460526,0
0.5816697554241426,0.04152383617883193,0.3515616429225207,0.9514835956028996,0.2402868483570364,0
0.960912877467318,0.9109415999202194,0.01226211041808245,0.7791038010169063,0.18818296361808784,1
0.10036685160326064,0.9724440062644103,0.3050889891055787,0.9384796144457598,0.19452748036195888,1
0.39321985522816516,0.7167327285753973,0.8415748703018882,0.7353927812215818,0.4102188661780676,1
0.28162274357931305,0.22512723399131485,0.860467877303221,0.701227796865223,0.6842001334833673,1
0.7127754141623945,0.44666501098222244,0.9365543209890292,0.4863175499245447,0.12534327907319454,1
0.3804720362063875,0.028670465092803465,0.47360632460915897,0.7937171041849796,0.6454469490098528,0
0.5167547408881065,0.04657919179504966,0.6759393645166165,0.6017121526557683,0.8265992515183198,1
0.7157547868541992,0.7240035179972688,0.504228200676262,0.29155014615974684,0.1256490198312208,0
0.6900207178246235,0.3822817424816498,0.22604693044953417,0.971918580408431,0.7309553974799722,1
0.34749629725915576,0.9704142489909476,0.307804004350835,0.09328849320372623,0.5843704379030726,0
0.9018043313754108,0.9772227852840183,0.8462027953817132,0.4883890736749129,0.9682595000568649,1
0.18413784739658712,0.9183015900656553,0.6581852573607967,0.5713855076940745,0.4962014715089572,1
0.7153937482183121,0.43885129243764365,0.4885421797615592,0.348727486534673,0.29388617417713236,0
0.6599882838544051,0.7969172200607075,0.5946017146956791,0.9384978028116099,0.3788527918298482,1
0.20477222019584074,0.4435981959004126,0.12145709017857731,0.7906741925844784,0.41809505691554105,0
0.4884966490513336,0.8884454486510148,0.8395366431055344,0.02676883384400508,0.09689706471890769,0
0.12028779175951188,0.17845328312119246,0.4605309553668252,0.9420643133020647,0.846776279572355,1
0.8093844569866158,0.5828842675155217,0.17767005060911112,0.3736071483206276,0.5907993372950886,1
0.5286893607625421,0.8840866175247879,0.13464202742733034,0.37963208917257085,0.691356333493883,1
0.6841877183897528,0.19164793731843566,0.29440708368639834,0.05178919918997649,0.8301025517062237,0
0.06183850658163248,0.7463459452463568,0.32584692363047074,0.454880359313069,0.24350864525986604,0
0.8069915169163906,0.5755207244099184,0.6540443218645915,0.9460918726285061,0.8919570870313628,1
0.8421053189765438,0.4246778787251204,0.8517480817905198,0.5327311838463802,0.12592253673500609,1
0.289429792876736,0.4298452504456878,0.71620293946648,0.8177096744249789,0.3603401313146005,1
0.8861085408286002,0.7984386767698421,0.16976389106146972,0.23515026419406226,0.5058327402986242,1
0.4101835836285811,0.4858786039646892,0.49596486569409903,0.04081363393319093,0.06836167795355519,0
0.48432319167347104,0.3837116774158885,0.5027673824945031,0.310045859587441,0.1324767330999167,0
0.35948191061323187,0.4633976557585603,0.979548941144247,0.8563706661705601,0.2676502384193731,1
0.24274855990499355,0.5458411444825305,0.8532073002196355,0.45795893740970295,0.6414960589305441,1
0.7702226318141652,0.8105465767188048,0.4049718940010001,0.10516550154492543,0.838813830913386,1
0.39305002206198614,0.18629362465185628,0.8761570840751872,0.4862174394736227,0.8303849163451844,1
0.469394480553586,0.06457212488264819,0.3755117232455576,0.03261200135340969,0.6325759016199322,0
0.47160680700281454,0.8977939973082271,0.03266868400177225,0.14059386652548111,0.0903386393120097,0
0.5134649310485968,0.95859209558772,0.24465126848007834,0.9254384887535109,0.6799014594737762,1
0.3707555456691849,0.18915523504379306,0.9766628035911405,0.7589815022299858,0.8366577310336935,1
0.18920692600875488,0.4626681788513831,0.07894174934657361,0.6552971297432676,0.756594120781638,0
0.32367120674584615,0.9741352926155694,0.6661018122629925,0.5782704382112214,0.1706976058971027,1
0.184882111878792,0.36422686706058804,0.6072858819151363,0.04148019318119944,0.7692657266598478,0
0.07559565069894703,0.41852605853841185,0.7827527999715055,0.31106014112309155,0.14389010754803466,0
0.7960157311770496,0.022638585021849567,0.47447299152897915,0.030896565518502284,0.21865140756296686,0
0.9797173660916436,0.4187558903018975,0.2642362675784502,0.7650859520647244,0.2235617549235407,1
0.9920490193251739,0.0764067714134361,0.29074301274560277,0.317097437136982,0.08549400155596576,0
0.7990802378507622,0.5463541872760225,0.7380728514526234,0.2786467146907561,0.1935038663881843,1
0.07381367245598802,0.0379477856243553,0.25836413900619104,0.8359160147992362,0.6992986447286843,0
0.03261985066501161,0.9266744820047177,0.8974490436080153,0.21928771245550405,0.5621700600937124,1
0.6034099283932611,0.4841305135279669,0.9316428828132318,0.8849345941535035,0.71135906820603,1
0.49934030881442004,0.6994152470918016,0.21778490901530478,0.3350516947727441,0.48208882786052676,0
0.1554777939501114,0.6237640572637826,0.43549948012173356,0.02622968198840936,0.8653733185158204,0
0.01891743186372996,0.10492713525063502,0.017922924810041874,0.36673664024812214,0.22579232451435471,0
0.8569081579098675,0.6876831705708137,0.26537311255722296,0.046384869588974253,0.17945430047975053,0
0.5039196607483021,0.968323064575268,0.7555843574842215,0.553980861943615,0.24259465770613775,1
0.20623398241598656,0.4901859802308224,0.06966304675600687,0.19747206110904447,0.2118197105389834,0
0.9468210635147802,0.03981226258265802,0.437529960262806,0.8181123892055767,0.3845455832645239,1
0.9985282083954118,0.5209956425921171,0.7976978515409832,0.5799073323368475,0.9087096158610134,1
0.8583424341003232,0.4992494387635543,0.48333396933289186,0.5489510090977663,0.8022972956639469,1
0.23889693654446031,0.9674561375435707,0.5435494422677917,0.8651077019277222,0.8428140258317672,1
0.298691493997571,0.8158130862407981,0.8039087297811203,0.5746582955913238,0.5356502406585405,1
0.43173784632558,0.8090440341848802,0.24197549777502958,0.1168839313772968,0.732297453526682,0
0.40322465114908357,0.0767946704174588,0.22041948907997955,0.9117514227823605,0.2210596385999698,0
0.6739895360947435,0.6123576759195037,0.9684153477650786,0.9227818219490143,0.07358486550555998,1
0.3027029157322032,0.40479406052022116,0.674699046177189,0.563142964865058,0.615428036819533,1
0.38238498131206644,0.9354602438268846,0.6823050076680304,0.7889125558426886,0.7496115495265218,1
0.9483598980652866,0.26453918622162553,0.015204922399593146,0.44232835894352807,0.5764974679871806,0
0.6719177193324959,0.3853221294239624,0.5412802342630044,0.08360428164292821,0.2523792841129958,0
0.8485698366516594,0.4667531962255841,0.6570192242419477,0.5340356569953352,0.1570391679847074,1
0.10237370871212625,0.9779812549088728,0.649894697481564,0.030799316902558993,0.3409896899957853,0
0.5252866968866048,0.5429120891992123,0.4269039246034786,0.4827328428979625,0.7479764714783712,1
0.9256804136947088,0.7340851287303908,0.5048606781324756,0.8776431099044627,0.7619677268606803,1
0.5993774233696354,0.2209848379293241,0.9072523945840864,0.4664428118680155,0.020631978801352813,0
0.9363481509681357,0.6957821201104604,0.8355022635226205,0.7989182282425938,0.36979422665004147,1
0.4403661922960357,0.12169461364356238,0.8533523374537978,0.33456394609539375,0.7414704296314706,0
0.1829318961014964,0.01007142544896733,0.3311078471594435,0.42929115430453824,0.7216107092095603,0
0.5768403512827196,0.600536757053294,0.5787700929838957,0.3058252635641948,0.32683569180857297,0
0.30271049539096506,0.9173410616654099,0.5139185994806179,0.7877012682594592,0.4108492967419435,1
0.4514628293899161,0.883800244424074,0.18083656027030492,0.7090199707248952,0.0032214189269271776,0
0.5479788057568178,0.7393771337482414,0.02024718340699383,0.32206051051512585,0.4926492866408536,0
0.4997010981396125,0.9261333338892883,0.7344553620488209,0.6128587479506081,0.9132800278633412,1
0.5660279440144984,0.679718584561425,0.08917120343352647,0.09560158190784684,0.3269823132288493,0
0.1930560133016349,0.24485127482905011,0.6882792169371614,0.7056346912652767,0.0053600135529982,0
0.20849495556511133,0.81963687628729,0.49963396353285394,0.8317808772262526,0.6684159084448127,1
0.5059518147800194,0.7045312485066546,0.9409153181218068,0.4362497881180979,0.1330704513943307,1
0.10233987380398757,0.374917458289456,0.8402134858862846,0.06322893151846343,0.5821829752468399,0
0.6379127758989585,0.7455365952311125,0.794002770520687,0.7838304646386961,0.5561933510548837,1
0.9978566445738952,0.7409007396491758,0.6475456408555215,0.8472038141569604,0.3057534209785374,1
0.8350401120378999,0.7985215710714694,0.25251667534564814,0.7998497208782308,0.48754371227873783,1
0.25197345766717105,0.20100812617073205,0.6999599276419751,0.5421018115245522,0.5674688740460498,0
0.9988295070097106,0.6394241294598416,0.6151791921571972,0.7099830647359444,0.6316336466182709,1
0.8086823928688208,0.5525365170363357,0.25892648529285767,0.0028010424636111253,0.13245886166648024,0
0.36456893753237263,0.7601399911122595,0.0868423555267428,0.28359910659499765,0.6261768302427253,0
0.23566177386824116,0.5713258607134094,0.45883974191926036,0.9623169625411562,0.6166103888511838,1
0.40981353607309223,0.3284397572933483,0.8197521361398372,0.19366049792317352,0.4305606689580964,0
0.42682222884888077,0.762486731385094,0.05153095514132622,0.7526396293439019,0.05336280889843925,0
0.822296598034736,0.4065921708015291,0.5444450426499481,0.1977950455403844,0.07644189916412647,0
0.6209219752034325,0.44620074294934553,0.08879559994850639,0.8628298170421123,0.9725148460666514,1
0.1776945508197164,0.3728219962778444,0.11683668068276454,0.22591225004315563,0.14443925524215007,0
0.33720734638939576,0.38431624645789453,0.8582769122292764,0.31981605752034314,0.6835712973868225,1
0.6801034312244537,0.49741546301774564,0.06745839489513905,0.06081575303432929,0.9001376339658511,0
0.6712645653748165,0.6583627627945896,0.47662418320881383,0.7890263702961563,0.7632435775512025,1
0.0031378570516918947,0.5633991011149854,0.9384533423886837,0.19310748952124113,0.815567101988955,1
0.8222051379182084,0.9353399828443749,0.8379839428618177,0.5497304206043784,0.24005718789646535,1
0.2121603776395663,0.7572659739916441,0.01634602042717548,0.5576436497259448,0.03430144330040863,0
0.6933499732315351,0.9695614044665127,0.4741801918935402,0.841613871367842,0.5971136998308014,1
0.7565619680805057,0.3335461712625364,0.5913890005929914,0.004480249954016746,0.23499443067526093,0
0.8691538649627695,0.9583099508635049,0.4545900006643998,0.1279595140507831,0.9444981578246631,1
0.20405929588963156,0.22329198293069585,0.7107451278930249,0.8696841252467153,0.862969210920183,1
0.6178040654303181,0.6569079600335347,0.6663392307980559,0.289862330207864,0.30137690284869567,1
0.8629958437576589,0.17530257864968346,0.7093675182798398,0.14252958994087606,0.5246806569615783,0
0.8538320282996907,0.88378678892812,0.4296145724056558,0.672823388088475,0.8058680987063503,1
0.041752592188810445,0.19400390448426497,0.8593062634136918,0.25512744052033853,0.3453500868519185,0
0.2755787367119974,0.008945271277694178,0.20048287642699703,0.9762244622043956,0.5510181971953172,0
0.39064566909913834,0.35291630667978424,0.15543477647086934,0.11057997610672388,0.37262119133237603,0
0.2995919266864223,0.21682387307732687,0.13090486499508813,0.17929988516312378,0.15851308667431097,0
0.8857063025359404,0.9931562248982306,0.11543632184495378,0.18696801387020356,0.46448048024282906,1
0.2025120288739567,0.5898118488844436,0.8246893772505657,0.24655522864735957,0.04712258546080672,0
0.6879323986762302,0.5647797115847322,0.4521680218087488,0.7332751294313968,0.9170363468449985,1
0.8352633133862625,0.48389317032384316,0.524592703442389,0.4889812444673046,0.21111026777691178,1
0.41747147520373185,0.5629277544581309,0.8619151510057244,0.1746384413385802,0.05458707182871492,0
0.551648216111933,0.6193225053925192,0.27207108433388005,0.3970026668595059,0.16107093855011456,0
0.11128171739837034,0.7996832695062255,0.3456044449704867,0.6106364794787088,0.08911832788223706,0
0.5555155073304049,0.6492765229673347,0.4443528960839358,0.884228461137025,0.6440762187009799,1
0.20217231380514133,0.4628841106432986,0.3461359097564488,0.11960134468964356,0.16277243682481535,0
0.5078137634446407,0.929665274462824,0.14204532953224724,0.4042920851104379,0.5450849613069966,1
0.07848830782388538,0.8789295799916338,0.5616385462696856,0.8058819511990412,0.33822762284428676,1
0.3923230878139049,0.5634898389493815,0.9547600643606692,0.7785677523837625,0.18317637433348744,1
0.5665098514767858,0.2667133980269294,0.981269987979145,0.6935940674340783,0.7534661326396234,1
0.45069635874686353,0.3700888584127775,0.8442565196792651,0.18382173593940532,0.6442692886980996,0
0.7658977951694673,0.14026493174600163,0.4865193053881468,0.13857357291104777,0.6239971461598525,0
0.763377712349054,0.6917463443723363,0.806862610054172,0.32104264156896767,0.6195258160756286,1
0.4751829400770077,0.43398552477304886,0.03136928207524403,0.3257449640772767,0.7512276306960233,0
0.5079857895898333,0.025001916629112886,0.4338319299616896,0.6870044595952135,0.30793491887409086,0
0.3262641852569905,0.5445646146894849,0.29988976545537727,0.8255985418727467,0.14727881773278895,0
0.22406809437362418,0.10102023638622049,0.5428402510314625,0.07240355023635203,0.8206900815818987,0
0.5122132378737374,0.6961806101384233,0.12106332916407925,0.5135474234350631,0.18659017562611957,0
0.1843659168226901,0.9175203839582268,0.22964901120123093,0.620714347407291,0.8170998632832087,1
0.4822605326601648,0.9807537401928584,0.9144779355508398,0.22171248463100757,0.1071892387164538,1
0.9316762988008839,0.24512521173163182,0.8189593011355877,0.09336096962014062,0.9343819605796114,1
0.3775603797058711,0.5437182631119323,0.4941249754120032,0.8597768755153713,0.48691644611452567,1
0.5605618735903855,0.8028313178653438,0.32732381547179146,0.055352050523691076,0.15568552713294892,0
0.4075406655591173,0.6508910105534321,0.46870493145949454,0.9354853182549604,0.7799962779419067,1
0.5761112199684065,0.633844350888487,0.5639236378177171,0.15929833681520444,0.4070671452618142,0
0.7540724358661025,0.29006457938613206,0.617325418923108,0.631457315204331,0.7660953712212303,1
0.4430534994196519,0.2848503814588982,0.34334490635198145,0.619484396842066,0.776552774760286,0
0.27974319358968125,0.943021692172576,0.756401441386482,0.3629230414515876,0.8321279164792997,1
0.8372478333694077,0.15925170563722024,0.1701097577825934,0.35052465485168616,0.10340475016924056,0
0.05847800080039123,0.848443334432389,0.7901801927153264,0.9711576037537207,0.8649249585506031,1
0.6567360621577373,0.27140706139894577,0.20514035536430342,0.019305481472598696,0.24991331349660584,0
0.8725162336594191,0.883000130979783,0.49504934474100404,0.5640201888336729,0.23670036114869264,1
0.567166272650618,0.9138941551099894,0.7126705526467633,0.21748761911297787,0.6395009083935057,1
0.8128919958926872,0.10318792444533664,0.8791552344745631,0.5190778792362336,0.60327438302524,1
0.44618645982620453,0.7930842620249291,0.2915328713643893,0.1280220100120959,0.49018462165293974,0
0.5608171408206594,0.2792562162978718,0.09587217307528861,0.4050028309715571,0.671112455483115,0
0.31400986747224313,0.7862012936989787,0.060849027433418135,0.7009370097752049,0.9497653393723987,1
0.14328982740782936,0.6360585058827595,0.9852795960781551,0.3089607140937456,0.7419521543055931,1
0.007341697251061929,0.8293298577424526,0.5760560954213549,0.6210711326392547,0.1544214067545654,0
0.11512068854757551,0.7959548426740027,0.2575516519829565,0.7360751728297256,0.8868189691770261,1
0.6904747427024829,0.9458502034409659,0.15531309283432182,0.3381600370608391,0.008936560502552648,0
0.6019083049069861,0.8959456006020325,0.468689846761459,0.19475943746857327,0.2512672305535921,0
0.6592524926201444,0.7437750476754066,0.15644621845985984,0.4750911310885657,0.6682931666708056,1
0.15372708635029886,0.6037050156972479,0.5097793726938198,0.5736136404637237,0.9270564138032475,1
0.20793242351004726,0.5206596591556932,0.8437363073000534,0.6717845221870847,0.2683197218556337,1
0.7091152510230064,0.48871590771446527,0.3822624755317078,0.01636812302099877,0.2291280401935083,0
0.47010672414045296,0.5535828818228411,0.9748490104265811,0.633458353969548,0.9811916350187964,1
0.7824735527751391,0.433496555802515,0.7087124936364602,0.5556710391507684,0.23886668992787885,1
0.19730633475354742,0.3278733064741193,0.35763936946841934,0.5112518596535602,0.25548163270458824,0
0.9150944794217939,0.1341066195376427,0.5387594366302223,0.267108571520968,0.9607829897945698,1
0.3386362719854076,0.710938361266773,0.9893741651767947,0.25602955698710206,0.9675007889416573,1
0.8259125502779313,0.4012678995795712,0.5593860744238643,0.81753413053926,0.3525753615393573,1
0.8543895501193751,0.3222555343351684,0.32137057250919265,0.7880030123030591,0.06282605649587047,0
0.10799626323577449,0.8752523738724549,0.7442769913591046,0.09043265045669913,0.5441795055415717,0
0.3985225474113204,0.3140253955862089,0.6030250192558502,0.9682905535918153,0.6317661456252884,1
0.13161978474487435,0.04937080311647579,0.2625263960546599,0.32420840509268956,0.7430733490188821,0
0.4109285282710674,0.7564037106913316,0.1466027611347871,0.5302018869911282,0.5882329333831694,0
0.03448388739458641,0.539503626560873,0.4940763096987676,0.19951405798477173,0.6302165993959665,0
0.9517251822572439,0.2740825539340269,0.32434694304192957,0.31241966457595427,0.5623310187782276,0
0.6585836073315015,0.3402556223908123,0.6866326274654287,0.6299562941198268,0.14843937412540675,0
0.8755250627268242,0.3568942486798592,0.7467096923050959,0.22688729758001358,0.7220654100437242,1
0.45878018996162917,0.32874237620701197,0.545640905601556,0.6172847921656041,0.20421074538203643,0
0.46517104480008875,0.5168628679360522,0.17289566959032332,0.7367785781663032,0.6905293219937435,1
0.5276058144162917,0.053931605924762205,0.14054629457502277,0.1506495004338234,0.4498589669139724,0
0.455779749465664,0.9300871243606937,0.5039412713776006,0.9021827678238629,0.4680522116282323,1
0.5348366232302265,0.9605224451592203,0.5978274588988931,0.5391115781539558,0.996403179169471,1
0.3650876255795851,0.44202016509670383,0.9792544967234855,0.6774576234060682,0.7077094738342623,1
0.09313470285245706,0.6291801246109305,0.601884404557503,0.6649882227697237,0.7120348175979457,1
0.9735819963770701,0.42427428627924324,0.49963496511685357,0.3635026719628851,0.7940008838688118,1
0.02916127161051929,0.19572067118183534,0.6948096386717159,0.626139743586682,0.879973120952902,0
0.1334803464893809,0.39897171591290415,0.10974093849838851,0.43007684889302256,0.49404005359933734,0
0.33930940980895374,0.08680658153843512,0.3458878290418701,0.36474277205389183,0.23632589514714375,0
0.31645047305441176,0.2738723914228981,0.5637524479000818,0.3038043455964128,0.926464838198619,0
0.9155346855850393,0.09863093134057555,0.9722277162845274,0.9844468895641448,0.43343518572490425,1
0.9787152779809412,0.01190645529567591,0.552828790014366,0.9458963520928878,0.81900450617875,1
0.11720270760119011,0.33534412164428007,0.8179897419315784,0.3226961300337178,0.16874353185981184,0
0.7619537628032762,0.5420490358378218,0.41410865257788165,0.1618572860002967,0.8412954613817729,1
0.8350002962868248,0.04062486508949914,0.4796438000804333,0.8291640608274278,0.21059248129961217,0
0.8944788431720642,0.15393080518160918,0.6361114903588776,0.5846256232718212,0.27298064808748346,1
0.12059328710765083,0.3525297569660142,0.7491961198320595,0.3984393072670287,0.025336819677273192,0
0.7032269546574784,0.8804991172271862,0.6976691806733138,0.9015860921060572,0.28009428810873294,1
0.4764562638268689,0.2609014490925272,0.271436754722559,0.08040491646717207,0.009802691034020539,0
0.8338940954401808,0.5497086592955905,0.4349076806986609,0.979105485499254,0.693262170118703,1
0.7488594052497729,0.5630097605241449,0.43717402044661025,0.4002395131829861,0.13783481487824467,0
0.48412287156178424,0.7703605014584006,0.22116928306085326,0.7238298207829348,0.49569786795836235,1
0.28234769870008847,0.967304189579229,0.8968115194080637,0.8633066615652223,0.7252232569780163,1
0.7831115956424206,0.4169119586240432,0.8226408799228462,0.15629745919370763,0.5079111239210838,1
0.7951564296956881,0.03419982900245322,0.6714952744287649,0.257053341700888,0.41287430513565937,0
0.13414431138804428,0.11740322791629365,0.843548794175332,0.18060604517836631,0.6940814652204604,0
0.26671833511040544,0.3164379650692828,0.41674889713813124,0.4745640270091819,0.29766303635744285,0
0.24871834161412265,0.9808071370099877,0.9841038468385632,0.22883265953324106,0.20836036229760024,1
0.37220372065278795,0.016091465223418422,0.8574011063884627,0.7733584985277171,0.30549771370776346,0
0.277881728519248,0.6733528416974257,0.42276259314926345,0.7160856157630943,0.049918024852238174,0
0.3095010347808649,0.3830724825921893,0.7909078969209046,0.18822219122910044,0.5905844877156505,0
0.646066554605349,0.46114369560878665,0.7973040673699618,0.5348415979342717,0.7919804702705436,1
0.6016422985928548,0.9516008138243452,0.15647406766257954,0.9902999576636313,0.5148185883210522,1
0.15057957257613508,0.13718568300349165,0.3852367356769285,0.42193232160608585,0.9276795973662826,0
0.3451318492375659,0.23054619884169192,0.42241392803599065,0.23702284629868386,0.2710799856954238,0
0.0005705928998830379,0.5548942153409457,0.2643241481472106,0.06905946703837551,0.56017225893533,0
0.6674959784379588,0.030315098229886872,0.40768601672000804,0.47423266070544445,0.4940201679115952,0
0.16830473093266174,0.2933790318905084,0.4144456220870607,0.5256076307659732,0.4331728338704659,0
0.6061430138502188,0.464444056615298,0.6072068821185875,0.07885121041547039,0.7109128507082207,0
0.06622421590333327,0.535130713120205,0.8660045859012924,0.020193212876497446,0.40836132903605515,0
0.3152475611587515,0.006772157073831497,0.9819469849276489,0.18327884407523287,0.14846360914307088,0
0.732323580282074,0.2980924613518078,0.6740435090956612,0.31105786069110253,0.8090149709359534,1
0.1106331041613301,0.6111055079881584,0.8275162385141575,0.3337705475573375,0.16740565558668374,0
0.3834072846229517,0.9551878215032232,0.4833301788578336,0.6715341359514793,0.29617954099108,1
0.5231929084213917,0.8117897121734853,0.17628522957163195,0.13022408059214563,0.8537357715962982,0
0.5248009837986698,0.33480646893509347,0.7714141060620102,0.8201844204827248,0.6348402518831204,1
0.75825309518649,0.44776427673166863,0.06591240090185035,0.8348572367194473,0.7784464574440998,1
0.7567519475310629,0.6118240998888848,0.7064161959882944,0.5886361607774038,0.5781592079568616,1
0.3159547693622363,0.898118436953303,0.5268682090431579,0.9684716336604642,0.9111086598478335,1
0.4456085116624783,0.3696208405827569,0.09519314682617785,0.6917893867031049,0.09668534638661308,0
0.9751351293127862,0.03244669717594573,0.05474463039659827,0.8736308540602248,0.7761041184386934,1
0.3400121830516959,0.2324675030568678,0.2665554983041595,0.5863082169468785,0.054626294614454896,0
0.3918742856394942,0.6658998391621457,0.956248551967951,0.2434542294667199,0.5208889389713108,1
0.3925443270828761,0.37421955408581553,0.7980276194078805,0.43555510287354715,0.23622835453164537,0
0.9249298619786239,0.5673438853395073,0.7628937157322246,0.7325701340120558,0.5250864533607603,1
0.12691578673443726,0.906888826308329,0.7054881631886405,0.09813999729181988,0.667593281426437,1
0.6915859679392645,0.7103433082069898,0.21371614042025144,0.10018669228895138,0.22426932770649877,0
0.2739078100920015,0.1054203126178257,0.26198814453620967,0.9973091037598685,0.9505564698403594,1
0.203695255424302,0.331863205722673,0.6192091556187428,0.26665811920356386,0.7250779975638768,0
0.813833139028607,0.46631639472318376,0.7805493641004647,0.10679775222003096,0.11733688554159993,0
0.48530382166472774,0.3964023716113044,0.21625364368941913,0.17740430755055592,0.8672857680962457,0
0.045928500672324346,0.3357335837223232,0.9279424031044791,0.8700626274306239,0.9599690355903842,1
0.6974233115199372,0.8932253834857754,0.9510595895373058,0.09872436765645465,0.2629596337493084,1
0.3641966200588519,0.6150587907480192,0.39113365267471945,0.6752661846429535,0.8137891267851197,1
0.31344032990043524,0.8549992881448304,0.05895714103570915,0.9415826784971716,0.46341781986321184,1
0.7128298495945202,0.11048369028592031,0.4684810240695947,0.0846873045160138,0.33760573458019494,0
0.0806208324139589,0.04123100534417823,0.15199984683121193,0.8588517719762545,0.0785857724923178,0
0.43169787883105115,0.9346489831119043,0.03416748472373765,0.33548486531509003,0.1707492747356285,0
0.8694260947091041,0.4780181914404382,0.515330185077109,0.6334755355903877,0.9605292101344531,1
0.4356064718039018,0.09559010388373945,0.5877091953308716,0.34856513972301184,0.4937947775244975,0
0.5302637918114598,0.6251849613112652,0.8824016724587547,0.7964396095147188,0.8707239316859465,1
0.6371710306808087,0.11105635602814845,0.6600305405067506,0.47272763356914904,0.27116567925968205,0
0.6767144020951243,0.4032598662242364,0.12914554557625002,0.391765514686371,0.6732670901970651,0
0.8515829084499661,0.9054807457501287,0.7571997357885782,0.05381319105177507,0.16136207359472243,1
0.8348683234682606,0.643245979549415,0.6906155404931299,0.018766316814651685,0.5430824678030173,1
0.313936954574739,0.2310287136076158,0.6809246093722247,0.642565381037717,0.007905988913022965,0
0.64152716835056,0.5676187331438914,0.461102849860068,0.9508804735177518,0.006566005298857647,1
0.696706135248715,0.17812490028706396,0.4881343733638497,0.7095395608953237,0.06435758206343267,0
0.36625343385569176,0.6018811131839539,0.3586736169870143,0.4347015580383816,0.6896186063081161,0
0.5643498945557973,0.25023907283003466,0.6855773050675936,0.949837103059853,0.43685742657858284,1
0.21591639896950743,0.8050173397061292,0.9739690232287189,0.7652716855001034,0.5468863363297383,1
0.5943833129277702,0.4049271554295413,0.6842527074558367,0.46932075385121375,0.6065065760109334,1
0.46228427325007426,0.6220108643320343,0.6400352775853462,0.17828770207839073,0.6924732203873615,1
0.9142012770189542,0.29557245388611497,0.818483143097432,0.4576207004875503,0.30447803572289367,1
0.9343855850976399,0.08152751824508153,0.8659814549895208,0.8134116318887736,0.8609099866040292,1
0.10123760990643782,0.494478591430473,0.5111814967423532,0.7198825263875492,0.8794802728508405,1
0.46167543300387737,0.9088582055105446,0.8663214487262707,0.6562732191886611,0.6666289902149973,1
0.6733526258931944,0.06963158061294938,0.1596156066450929,0.473147484533589,0.5508378530796376,0
0.09965025210338319,0.1820055903142661,0.9585202685594224,0.9139814412214488,0.5372862018183315,1
0.23211872062719485,0.7463590031174417,0.7372235146744511,0.983250830122768,0.058099751059966565,1
0.9100674989797621,0.6628320542528571,0.04314885316837047,0.5788694820460456,0.21024568244055308,0
0.7291108204603806,0.5479550013310359,0.04638688673654079,0.48889330512113005,0.9899856681418957,1
0.23856083423088392,0.5521278673970835,0.20367132241933839,0.8392223890743761,0.638309386576169,0
0.04146989380517985,0.9778487006306433,0.714170222897242,0.09411025217218061,0.04647872950805343,0
0.8918902058455748,0.7487546539082444,0.44937847086918925,0.5700669544491996,0.039938901468953625,1
0.6290631312644005,0.048553633303971555,0.6846376146713599,0.8011782360771875,0.02961364440880243,0
0.6118651779330133,0.890935819723565,0.038171864876873296,0.6493301177329892,0.7690332231435522,1
0.019374097927802203,0.020289568154303494,0.04914874927214641,0.8020724695035303,0.7250081325076978,0
0.21680390618441236,0.23728084169539954,0.8552981243273964,0.34911202114075046,0.5609496951021499,0
0.6662735085419387,0.010897169856647904,0.996560298247856,0.47232599473028736,0.11953162578152987,0
0.1020904888465568,0.6208989632822629,0.058934869740167484,0.17633199456455195,0.7247607407412986,0
0.8635634825469275,0.5143457834943845,0.2698979678786655,0.5476939938170087,0.46291072817643886,1
0.9543081853438616,0.3152706784235688,0.8580912088313807,0.7531292101565265,0.6151991135091757,1
0.03891401111553083,0.6436018554492337,0.222489833706767,0.9725718586125014,0.0898873377081536,0
0.34385359923481695,0.41368059963911774,0.5985730406873306,0.8096897474304448,0.5751665849483666,1
0.7666444902753172,0.9345816220389784,0.039610360642074904,0.061004228333792154,0.6137799283623083,0
0.3776938475527868,0.2382174910131879,0.4583072159220851,0.5624954961306977,0.8755374288186574,1
0.8426706615886427,0.5817336177478588,0.7001271616684175,0.878216673069005,0.6061793575585962,1
0.9014834377331434,0.25453720310564565,0.9515738188366163,0.23955258504504318,0.4918020449024374,1
0.1661615557605658,0.46187764811458476,0.20913651346534456,0.07621594625063788,0.7894801066650515,0
0.8025703506905726,0.0670520535788498,0.09446583994497626,0.4364515102523615,0.04067601737379034,0
0.6185060421632165,0.9841836063520928,0.9394421454638224,0.7748310500785346,0.9094063237413053,1
0.46715063907113663,0.7562532448070464,0.1539243377669539,0.20636046395982066,0.27098355559197185,0
0.8302667981630468,0.19143850156051856,0.6018742146380145,0.3257204851862082,0.012261440068205953,0
0.2957207799892201,0.4684064097543529,0.05288220631916185,0.37198910581963984,0.5090174745891533,0
0.5333443031041541,0.19703263519877845,0.8153814188432477,0.616709437970343,0.5831021334192542,1
0.1884632241191404,0.9439264768003389,0.447884943343584,0.1805278243603663,0.44934569624342957,0
0.7004986795050139,0.7593296923523231,0.11328511744714387,0.025908655747824416,0.04637661573823104,0
0.13321413301707707,0.3926165487279947,0.7412355769898145,0.6791106681621165,0.06718497121133093,0
0.01318802589801793,0.31194804168313284,0.6485941333122877,0.6995473281150691,0.5278340828104048,0
0.669920354183487,0.5582886130680355,0.3226705336990142,0.6150015733015058,0.20756616609421397,0
0.28608365145217707,0.7537175637524925,0.370902223636273,0.13811512475638632,0.8916545220020746,0
0.8837191211595041,0.584907208839467,0.3046860516127188,0.9953285471929075,0.12338367343246948,1
0.5202052977477706,0.29203369622199626,0.2956934944717238,0.09014255542209026,0.9876627426629419,0
0.4192994047769314,0.48488777928846294,0.8203322762862447,0.5360045003027509,0.8575539999164415,1
0.3821380495365616,0.924552742805318,0.7767910974099445,0.5484158603951627,0.834957324588837,1
0.24362557144710328,0.47313336944390805,0.4635996386058282,0.3539560147614358,0.5249954058205768,0
0.39794827856679427,0.5070800858904176,0.02511381948350888,0.2106472800026079,0.4909963657296087,0
0.15864691398566588,0.8746538348471886,0.89377990816435,0.42778180169890845,0.5291480091959483,1
0.06658499945715912,0.172605882882635,0.0217319168600264,0.6609338470625878,0.5849597720253018,0
0.41045419569864616,0.030221204610858976,0.8767186052119711,0.6054014538128133,0.9091070400016319,1
0.8679414263751207,0.7131840283025529,0.02355845572452242,0.9434638082054718,0.791949374808771,1
0.9850414828305726,0.9779297444609036,0.035936582580819554,0.7402724081493341,0.789830649451977,1
0.037170157691301386,0.7897585749997765,0.05738931359612964,0.17918539522320875,0.07879287718895911,0
0.17077712569980996,0.024203734871640736,0.447335903725529,0.20546027423108137,0.9081818062379652,0
0.46762954759824404,0.8332965571651655,0.36588498821794513,0.9247251582546397,0.3251043442715428,1
0.21858069185623008,0.5438926944938451,0.6100769994149867,0.6567801702486376,0.40369110727149793,0
0.9917312189235623,0.37987615974456457,0.4820974237846314,0.61419778782315,0.42085118528047627,1
0.8581745866645268,0.07357939981979922,0.5836586398482626,0.5753017061134725,0.7929809444258386,1
0.018824270161638235,0.06980682717894193,0.34498764424238015,0.4429583815378867,0.8322803038171315,0
0.34156221589649305,0.08014192690720945,0.4071005496374124,0.6647673366089044,0.18085236481770506,0
0.5863425764611959,0.15041850669895396,0.3735674370162486,0.37429976785971375,0.22692043799400652,0
0.11312672276077429,0.1935420192053191,0.12171752859580032,0.2245770308478372,0.29437418422530093,0
0.7749209493815347,0.9668036493831139,0.7976627301046648,0.632989564517929,0.8598309929882745,1
0.9588250065862869,0.15167471231026308,0.30148547844941254,0.4951582036880091,0.3543230401887445,0
0.018713290049291897,0.6007293786571433,0.5487742519514621,0.7150989670392465,0.8980289007207584,1
0.7124232185715585,0.8739969141135028,0.3895768523914749,0.571961879951606,0.6422639229179258,1
0.7286405946856014,0.6417389863490488,0.8963282155958984,0.5332636333601297,0.46148473910482435,1
0.3985530165896153,0.32358962926236823,0.21735069172717492,0.642137071670409,0.5075017684731604,0
0.031278471329605595,0.8124655714228896,0.14663842359171764,0.22553541941247035,0.33800065553740155,0
0.8237262714219261,0.17137124216833366,0.7065326355478736,0.7610857332952113,0.7723772074895154,1
0.1841118451927629,0.775118394091626,0.8802342244190309,0.5654022967781428,0.9329673357712328,1
0.15674635071280152,0.1792851747106271,0.5743309202479807,0.36455457979763284,0.9672462473916684,0
0.7246231578871825,0.21890425444728723,0.8537908277566818,0.9154769277912913,0.56906804960902,1
0.9771328667071385,0.1785004234084948,0.2098630563372753,0.2738959521710156,0.9933670049096907,1
0.3972017066681556,0.8620086025947634,0.2331860193321832,0.5648631019401363,0.34405311738596567,0
0.38299943914406764,0.10277169258755348,0.38780298987689676,0.014691862116442023,0.6600048824396828,0
0.7179513159299792,0.5778046564597803,0.4365297277315412,0.24933827857460533,0.7176566226653944,1
0.3760677975041551,0.24101748530372535,0.5243841672859446,0.13055034040170022,0.4676569777363443,0
0.9987238637714925,0.4127032327057193,0.5776394154935419,0.9782921783960833,0.11243503220474993,1
0.07671101892545895,0.8552602819470266,0.17833240289699936,0.2997655419537373,0.5901129562219277,0
0.9140581991773834,0.22866934223983615,0.42947331054178084,0.13368293012966503,0.8126348737761716,1
0.4022140603745902,0.19701571065311507,0.964935036245456,0.28883047106054294,0.7085359743117375,1
0.15286318379423758,0.05411893022849612,0.5171844827320334,0.28080861868930906,0.47288806704906106,0
0.27217256709346493,0.3866653849008074,0.7985298196344225,0.0870252998004537,0.6496120755749464,0
0.06041507141851188,0.10710322906107661,0.4534255734688045,0.002981086885707973,0.061221876754952054,0
0.9607872421906039,0.8666835993538884,0.2619114683300844,0.6607382325058658,0.4262309412764409,1
0.5377942590578455,0.2160486004072838,0.16389528057704406,0.4886647426734514,0.0692963611667744,0
0.9020902465596877,0.27042989501699644,0.5161844281721303,0.7112109562730586,0.8114492668711228,1
0.8984475081674393,0.23988374446862437,0.7917979777024613,0.6452827033716894,0.03940290214557274,1
0.3027227462856358,0.8290865170638017,0.017332365942691164,0.9995818719888913,0.6858251749559111,1
0.8162584649733161,0.5144508766818511,0.8818412938185786,0.8404653438475812,0.9386594532080259,1
0.7737586461714405,0.5123931840208281,0.2829574167461908,0.15523120585616024,0.594366174997326,0
0.7803218380041401,0.7813603715415797,0.9919156449564197,0.44546817517220416,0.5574582041309986,1
0.07754783833248413,0.06800592877953815,0.2770303554972209,0.5571153859699097,0.0048822537608842476,0
0.6490302249744632,0.41368493362396797,0.6418347486796604,0.7980872540592037,0.9787713784294262,1
0.2230584911927993,0.7072599182258931,0.6975034854796337,0.097562930577069,0.7281238828310591,0
0.6522923719031692,0.409901421157009,0.5469485051562039,0.7576861833664924,0.4557664173033694,1
0.6477256470850025,0.9612914753706102,0.9885804496240654,0.6362581552829354,0.39364814231932443,1
0.1877141338785031,0.40411218477157906,0.4663627264436203,0.7874488279470355,0.622155128852558,0
0.14706277291408176,0.6411383180302065,0.12041608470880638,0.11655268347612624,0.4354498618228173,0
0.21381956048772732,0.17832532498569775,0.16141222684990686,0.9551640765401345,0.2975465005878122,0
0.3571422612691877,0.5951168833741697,0.13781472011398632,0.05448943604158407,0.6169088142457232,0
0.8108873893715968,0.5229627793699246,0.07802352749736696,0.9087332183275271,0.7660344575455654,1
0.9330274598313426,0.4919196947009372,0.0643665216773952,0.6353691456332258,0.2905991601523946,0
0.06391809449365571,0.9856033775312574,0.5859054171309306,0.3262444858585497,0.18681103258489407,0
0.3710311038408308,0.9972718124418286,0.31413300500481534,0.057249033072053535,0.4222078748285716,0
0.5592577264645958,0.5791377427499839,0.48626103421844546,0.33518601463685993,0.15280503279603386,0
0.038633620438917604,0.15367550910617744,0.12043050110522036,0.8135766736383867,0.9128776983263075,0
0.8465385045004047,0.2856626547436113,0.13537286236984258,0.11669130062805444,0.18714614651125383,0
0.712963602325236,0.4163113338405323,0.017745468798758712,0.7233706390578905,0.9740893847366088,1
0.8554609671470915,0.5477958666193948,0.004131206407182009,0.5416972759365523,0.18302619800589093,0
0.8404177927813943,0.010383999211947104,0.6250180323819455,0.9895696415886684,0.9920581537427554,1
0.45876602894647245,0.05629472555977655,0.4631812644347527,0.9081010402575523,0.6959698380239099,1
0.3232904475621895,0.9512488562246836,0.3795623922944732,0.617479425095012,0.09636450100441596,0
0.5937211902143397,0.50154225686826,0.6245591333755011,0.7373523998276144,0.16618174615597314,1
0.4335143239736833,0.4660150029775454,0.5314146682665448,0.27965229640779654,0.732354164026055,0
0.2289030039369161,0.19751689999902244,0.0705315791253478,0.7867020796872384,0.36777499067522823,0
0.772998356668268,0.5582707576446538,0.14504756636198135,0.8672112977783065,0.3049057534333972,1
0.49337090837558206,0.8766748305701328,0.9135811045359117,0.4455141428612621,0.0579060846744176,1
0.6659964091984641,0.6727068059719606,0.5920407096762773,0.374453888902741,0.5541034548011409,1
0.12387240893406049,0.6196526495772634,0.15544520397412898,0.1052959621058277,0.8443724474703808,0
0.41947278460339876,0.9792254740871983,0.9010408990314069,0.9373206522714734,0.5100208445008036,1
0.09348193856719378,0.9409356309491284,0.0935409672257056,0.1752017990649214,0.18270206029159786,0
0.39498975013551163,0.7983332819210888,0.9906529128451337,0.671239672983231,0.6565263376270544,1
0.6364975951155893,0.9675958935238369,0.9174246882299055,0.5309867078280315,0.02495786821282564,1
0.3120759836542717,0.04043268515410847,0.5773831153874376,0.3809558541361763,0.22153786332061332,0
0.23581364905635382,0.304816766210802,0.01958082316254095,0.9797278533728065,0.26571855026111557,0
0.7874737398511618,0.9712810668024706,0.38628141000504523,0.6818575023092088,0.7997632567588601,1
0.37894801095457675,0.2827497447358249,0.07295598055797958,0.5281564285953915,0.7618629027052831,0
0.6800280976304487,0.7024410734248642,0.5671519768510452,0.13487365694538012,0.06270333023650376,0
0.7726307428233304,0.9467811246081657,0.05559564131576544,0.8712213556749351,0.7626998508934122,1
0.817880439070788,0.6951876284474522,0.425448606693005,0.33887980996438294,0.961369091267021,1
0.7890956226614859,0.27258870713543537,0.8039836274527188,0.08995786905810876,0.43118423561572383,0
0.9194238694565953,0.7006415188963573,0.15760338829586307,0.19729694627855376,0.3644928385154472,0
0.11050298675191295,0.42856097501472457,0.7940324722895872,0.392786985970368,0.8685141055685933,1
0.6312188120197489,0.1971368729733436,0.7851291931555965,0.21396585468188112,0.9847010716062224,1
0.013038368837996028,0.45092539978091173,0.7937140355537938,0.8804067938937291,0.7401088951233539,1
0.9896843213951626,0.412679770790636,0.7849419363666971,0.32039559448473454,0.9071758538649843,1
0.4941971187490757,0.780787937355058,0.7399874702056788,0.5280837997917582,0.07824526759901385,1
0.7292031092626862,0.24961056265754555,0.4551243766312175,0.9602616656281486,0.5971952445656186,1
0.018489697497515944,0.16705251317174385,0.7746105901513263,0.24754621379726827,0.6881732986653276,0
0.4250929693447961,0.17455352913757283,0.9983514189448077,0.45856929767499577,0.09941747175989835,0
0.35257579719238286,0.6674612632975515,0.1743537683152533,0.9929353335606423,0.15946192066898557,0
0.7782842408589724,0.6587247883089491,0.4348208985839712,0.763018117899551,0.4074874200778914,1
0.7454777793718717,0.15478762867649132,0.01640035644201443,0.808429465524604,0.2770692736018965,0
0.7134290427313053,0.06936781035453743,0.5502750740290828,0.19065911169823213,0.7498828617830704,0
0.4091173828920176,0.8122315070719913,0.29902651094898436,0.17915644800485608,0.9220692701072479,1
0.8957591333781727,0.011398647689516817,0.7832018844299968,0.7409753159715615,0.3039964878006679,1
0.7209037319249352,0.31424140884849716,0.22686844444267862,0.48395565801538654,0.5710306899118349,0
0.131897815651005,0.9006497069039695,0.34111439022011425,0.4480189911808703,0.49397877410422364,0
0.33528094704446243,0.9792867091081879,0.6652656050367755,0.9738604725658512,0.6892000148419767,1
0.8054740283268484,0.5494079884345472,0.31116931664234293,0.13619356158256724,0.18103891772218839,0
0.7194432123382059,0.09742296726018229,0.751551798869812,0.4930606656137523,0.1552269163158546,0
0.08676272634894122,0.04192042353159253,0.47783807485960883,0.6321303903495207,0.9430884049733742,0
0.19744591798398725,0.31305410979325776,0.5171725723967833,0.33027139179863674,0.6085561280878119,0
0.6625523037409143,0.34618861979474647,0.4646093740431696,0.3197889268284041,0.5934407270440669,0
0.36909328521361806,0.41028398626892393,0.14184075990973855,0.6127117527400782,0.5268087356484064,0
0.2973258468382387,0.022632404481181645,0.6444279789686695,0.5920903090934276,0.28796904709250404,0
0.6315153518542408,0.782214352977392,0.22507203835434497,0.8035472195386946,0.8193328629225896,1
0.2879552756714522,0.2861591710825647,0.5839433885602426,0.31285438739257987,0.19603291499999964,0
0.286113599654651,0.12496095262447393,0.09720665393451833,0.9442678331377098,0.8639304306922068,0
0.5943134926907012,0.1628952930384978,0.6929452094242853,0.44243931749795806,0.07121891809679048,0
0.1859742042790361,0.7731049984409308,0.9562092617944848,0.06110601771629498,0.01028417585524033,0
0.5491690097246668,0.0693879459941007,0.5252105922984311,0.11153881776187302,0.5149609560983107,0
0.9848243536412976,0.613219883895049,0.4520536756471245,0.7190162668668605,0.286116661225439,1
0.6383982600299352,0.5115548733895579,0.07564662346274398,0.6407749889628847,0.6979331351747367,1
0.06564123669042488,0.6786367524381216,0.31969582318390555,0.905183359373199,0.1910721101812095,0
0.3345930635135459,0.7743927651363978,0.159255916283635,0.5173935377838939,0.38732145628000536,0
0.08945629084604212,0.16667142348854203,0.7001742963477257,0.17530539307990767,0.7020943299555112,0
0.5321909408137145,0.837939651723228,0.4578519363231037,0.7735155384457031,0.7290970438781157,1
0.9889977713165921,0.4458973968742499,0.5595714946701997,0.42547863967543353,0.5918868493037446,1
0.8481150772544805,0.9938688038382113,0.560712039726004,0.5585259471572918,0.0747204332121647,1
0.5713247143534633,0.22610011586214585,0.1275144737528936,0.14403890131251895,0.837686040036843,0
0.6346271489364876,0.7838272972702923,0.4645010365813731,0.4233345833955544,0.9395085095001072,1
0.9586926383885579,0.08256383460331196,0.07209757141057838,0.4277512240743818,0.4459835865144046,0
0.5068404093628738,0.7030004250146068,0.8099774793364307,0.443721418536547,0.29355851737514604,1
0.4723808719359226,0.6788292441895146,0.14026574650488532,0.9441596807320485,0.73936046145689,1
0.0900630188167012,0.0865777768483662,0.8674052613707428,0.3904573220164991,0.5085349869799728,0
0.2843033639064918,0.20819625918219697,0.06618526728991503,0.716946815117287,0.2860875324341542,0
0.6426524051890513,0.03742720960568491,0.8807603743959539,0.5263665089927552,0.40524235536041375,0
0.7968451684641951,0.5342636705574516,0.8447199514654975,0.8030529761786723,0.2811985132005743,1
0.7074354317524496,0.9794162312451523,0.11016546003080574,0.2445912905710781,0.7179681156258603,1
0.38646340201233975,0.5039504794757808,0.49545949283975665,0.26801421770609046,0.7233896592233274,0
0.3199371791110003,0.9616936724610862,0.15478049467885002,0.14463365569334685,0.8987083540400088,0
0.40749183187517024,0.4874220259563373,0.433984868508122,0.6833301149271348,0.6147853688239919,1
0.03811302021049556,0.6971258938322981,0.9381083482246474,0.48887416019456176,0.9175310009124357,1
0.8956105922608456,0.9588628154330714,0.4463298884217799,0.0715413236631085,0.03144205431910796,0
0.6391999801192955,0.12223554757180666,0.9441601867771761,0.850697393163271,0.07480522604833051,1
0.7923520612274654,0.8478620595060051,0.8692260713980681,0.9647279232519494,0.7763825150690297,1
0.893008493373534,0.44918251402913745,0.491250789450412,0.602546882853459,0.6755369104040692,1
0.47365581850226235,0.8440612656624369,0.6818087470569725,0.9412039575852402,0.858026042756255,1
0.09866961698653198,0.03400909784984685,0.5542675958729764,0.8724419135185785,0.9383367663523875,0
0.4176850000114811,0.010980358349794939,0.3825932232619239,0.5718652646381123,0.8204399133652559,0
0.6522841548751287,0.6439280810625861,0.8822615084870251,0.005187966232343744,0.5911293541178644,1
0.29288259332309097,0.36523134237018173,0.07580453837714252,0.8825166378138394,0.6232859139746992,0
0.15295520848256983,0.7976773838295053,0.6692258994489487,0.312161031563565,0.9054554333786718,1
0.21765582341357803,0.06466687302601382,0.05440762909975494,0.5491561635738118,0.7641621234754832,0
0.14745834004030423,0.9757738489252183,0.5798673914370528,0.4987713765140561,0.4239776636367141,1
0.09770008259163376,0.3100734506918793,0.9585409242993727,0.13077619770795368,0.07913082667811067,0
0.06400518844145875,0.5340015676415883,0.489588177361453,0.24612158539383566,0.8346442044667709,0
0.8541999460499509,0.9466801966415291,0.8890013431631029,0.007183000333745526,0.7683569629186401,1
0.8365756655662858,0.2097539813035656,0.2354046584854742,0.6308906842745466,0.7990700314947058,1
0.36653300247760445,0.0284939698102451,0.894788992286611,0.04220576226631223,0.30707004470665855,0
0.5475225541155713,0.6172288618595355,0.2027163897228983,0.14460558846095806,0.9764401323012488,0
0.9220628207793573,0.9317789730938103,0.9353811842470116,0.4959795349301477,0.6679422414164533,1
0.06987497943065624,0.622589729687293,0.5016816513369827,0.041566815696804316,0.05983588194093459,0
0.4882166064750051,0.9568894064369183,0.8410053099120025,0.8148268503419324,0.2666216024733703,1
0.061973552833529455,0.8058788628406812,0.4927530523270254,0.4521497313290126,0.9707837616011984,1
0.5465624149230374,0.08654303471540037,0.10501201187431153,0.7145439409873338,0.14185882266120498,0
0.8185159113171697,0.608477279347319,0.24411531352004012,0.39526832398121714,0.650803381427839,1
0.4984150544478809,0.6498500522713245,0.09932240892387645,0.12230317222866327,0.2529900092287196,0
0.7743035121077885,0.009762272093593038,0.3842774888466919,0.24023930330377297,0.20829385786995358,0
0.9781797458464946,0.6807869770473797,0.19249933505766204,0.2099845676567641,0.3104269831588513,0
0.9588468337634346,0.6980287296417564,0.4179009923957173,0.6642615381132968,0.17889727674537625,1
0.8432213225685343,0.0613425677024414,0.15527019920335083,0.7968215159577752,0.12720874573151875,0
0.0004444691305497406,0.058262778732893206,0.3853061485495841,0.6296266469405297,0.5735747644196139,0
0.6258612013135305,0.630840265962415,0.27596121926280837,0.8048119409413692,0.7523003028327501,1
0.5711862982728517,0.25526302993870553,0.8456534224239012,0.11430198489660115,0.4024640326339568,0
0.9382489387251423,0.8303617920308406,0.5987452032746189,0.9100347312247855,0.8802524842193092,1
0.9763146935281489,0.3729707229725082,0.5381127253316168,0.7350785484261804,0.7707162710203306,1
0.39316061163307914,0.3729445105358844,0.3415547565199425,0.7860934501673066,0.015946048948907277,0
0.2762233318088718,0.25952629240847447,0.9711347604901642,0.4950553162883279,0.2146286525895167,0
0.4424663049230796,0.6505711389196421,0.853549285293306,0.2160666335030087,0.9533220670455447,1
0.8572966215641511,0.785905762772426,0.10109189019513709,0.9361244470269328,0.1382330852457958,1
0.7943946785932514,0.7395658485255832,0.01101774993880933,0.9471783713007557,0.627036317657743,1
0.37664895457210024,0.558882251916067,0.06179723461598852,0.6516149536197815,0.102899160127784,0
0.6268438897668127,0.6252644642353068,0.7033704563641946,0.45617201265867335,0.3450878877429172,1
0.7939293719280324,0.26298591788636694,0.676708704960877,0.8885898452497175,0.8929758798844238,1
0.48294903779150533,0.213708262162147,0.24259273600534514,0.08379123516368037,0.12809099354976206,0
0.48770171673460494,0.004815767998139764,0.020451344240848934,0.7936700493372678,0.9277535438554718,0
0.10946444775436048,0.46768745343755647,0.8459930991894236,0.37769417786986226,0.7784195362440048,1
0.8243159115393424,0.6521136553930713,0.1532723058644725,0.6985164896325535,0.846295821078717,1
0.4341953092641052,0.737412279588312,0.5563901438591713,0.27127345168081496,0.23445652582420862,0
0.35531298655678134,0.8185891103390975,0.9991591728737859,0.1596485281742509,0.7056432169060427,1
0.7570884652892861,0.41163385708247446,0.8800408471451648,0.09529721371380562,0.5390917397075866,1
0.8057018238551078,0.22511225127742707,0.8733186385065815,0.9670154682418818,0.08045620309210422,1
0.03994451234133156,0.9858251226628159,0.3553368765465459,0.9082916514548914,0.45047060570801134,1
0.05429700723754005,0.6875420907383333,0.31419244342745645,0.8750439701244241,0.8834230617432627,1
0.055696617945168,0.5722706230517917,0.315241934764653,0.5440824755526561,0.5072735876020136,0
0.2989840255897417,0.2895427847776587,0.2384285247712159,0.23196686254387422,0.17158598523787205,0
0.6091609595611652,0.17748750146767855,0.8846898499616355,0.9073795509065146,0.2690279755550746,1
0.1080982220665978,0.4207957498225471,0.44670737679352657,0.2115191594628545,0.7092693099215625,0
0.37630369100799266,0.3388747696616713,0.6579583269728893,0.100965232554167,0.47109918378621873,0
0.2672026543038897,0.9484398945175299,0.5179369026103455,0.9168003801728785,0.091189205955303,1
0.7098773452352979,0.8606421083420674,0.6003514056080475,0.14621351414587158,0.15442285438402537,0
0.6664450424117121,0.8945465814878305,0.9346717481994686,0.6323598660908573,0.8518582156338997,1
0.24209378281833904,0.07584690569982766,0.9842668718488664,0.5285772218813313,0.6549429600588859,0
0.5708858771462414,0.5763908813661858,0.36823240542484614,0.6744851939882838,0.8517312303796946,1
0.6716476781857482,0.7536744502150232,0.9822152985029525,0.5336840063871087,0.316400569513678,1
0.5911392926925291,0.5050864930117531,0.8096220442890044,0.4865112250546064,0.8854765307779776,1
0.8976842907658752,0.08142722580408945,0.4588354113799692,0.9015505769300981,0.472099776003142,1
0.15405294179823237,0.526199370270879,0.6244846689283639,0.18670464239074824,0.9486383281920712,0
0.4328932381912386,0.9441141865253564,0.9493220230163355,0.43803172081490815,0.6496604040354182,1
0.6810025205218407,0.38700431576719874,0.05002818384736096,0.2777845889042656,0.6490890940007877,0
0.8311460303932242,0.915853746681795,0.23336606587355235,0.0673653619071759,0.33729628989379146,0
0.70013123830369,0.2684887350983093,0.6707851764018689,0.4707390286285683,0.6682301974129412,1
0.9749095316914942,0.22063598565572007,0.9119614990538841,0.617827078289929,0.6136433165339016,1
0.22021732036423125,0.24241968354704924,0.3698807117639612,0.7677269386213351,0.8978404364540757,0
0.37723477002782047,0.938747740125359,0.8325079725567457,0.7399136391848734,0.6957691908375256,1
0.9667612575957766,0.8729510229748814,0.9176543943254922,0.7460964154168114,0.3719236388329211,1
0.4720577135797719,0.11511334517558736,0.9837543378899587,0.3177874097028841,0.9022391193770843,1
0.07910354754222648,0.8099520392174002,0.7149354578423541,0.32493969662523525,0.08189721696764352,0
0.5915925428418668,0.21984093466676102,0.545213896200171,0.12096500254179698,0.6034789240953148,0
0.47311473258978776,0.2505362462798374,0.8377138382264954,0.7613259817779066,0.5374576175449969,1
0.17255770399274473,0.1566771328446821,0.43179502769200806,0.19338490018700116,0.985243563823358,0
0.9855750445068003,0.36350652701647745,0.052832495404873336,0.08913039630008224,0.5738942808673801,0
0.7350123759910934,0.18399771686020971,0.44233008670942564,0.565242504044172,0.9229684752585497,1
0.34820028396621894,0.873952117347786,0.6714877804804519,0.919745363854246,0.9999263909462943,1
0.859230059450855,0.6196168320205323,0.45781970873994327,0.30087321987446936,0.16343590006416597,0
0.7842316349588123,0.4543288385447921,0.33407780587280844,0.6607003925611722,0.20067770463140977,0
0.4461603062213838,0.499699789111379,0.5223574021156417,0.0027995818088006885,0.047317358691510436,0
0.6918738618900804,0.12164058697993707,0.7091788462086906,0.6485881090650406,0.3997106231775951,1
0.9455367792398264,0.9456097246785433,0.960499112019033,0.2705889489093053,0.4340206604310354,1
0.9163097691766674,0.5545612965584333,0.7810735133035686,0.09411304731951997,0.3172567781323641,1
0.6684908170801316,0.5371688761395274,0.11580820522229962,0.8610117080024623,0.13432540445930796,0
0.5079549394107135,0.40961612141708936,0.9837019124700022,0.2157474010517243,0.9945070594170198,1
0.639069477959434,0.7727798888604127,0.8168172399152365,0.9105593759269228,0.9550560655296267,1
0.9230843544997248,0.8375941739678111,0.8586717639367596,0.17206546091218722,0.6754776730012073,1
0.6290238428888453,0.8126431542763762,0.3255507725142657,0.5146427980028583,0.06726857966535393,0
0.8428054470752043,0.19251817179383113,0.1689822031950079,0.2535866426533667,0.8708945517357235,0
0.05547459082120254,0.32516314779079547,0.6861171500706535,0.18132935724936228,0.29500905568244984,0
0.0967261808089227,0.27587118898791685,0.6210301293268824,0.8183744261036736,5.466601594417142e-05,0
0.23384459990954465,0.6627979506516402,0.7446419454891554,0.46431467463016796,0.5564733729922863,1
0.4854550522291434,0.15486040659542832,0.48748407876746325,0.43595744651936075,0.3682533942014512,0
0.8091010359256656,0.8315185881767282,0.7440844681866992,0.7115429120149552,0.31581077421072523,1
0.6296679637798437,0.6184706877166591,0.6170094168730746,0.9689257045007124,0.5496824656774217,1
0.7133899743554113,0.13299008382857835,0.10569037620770727,0.10374228816818176,0.408365440054555,0
0.3260169727048917,0.027636237095349014,0.7075176917190694,0.7741511483119153,0.024819011210214126,0
0.6761419953889887,0.8495289989906387,0.8597808406775721,0.3378880270318525,0.2378592556518473,1
0.6101001614580847,0.8079575939431418,0.5180580072674728,0.801770824722275,0.5995129297655551,1
0.31135564795048953,0.18709797794567828,0.5131001815120927,0.8893224941670708,0.9077102203232732,1
0.8479116631993807,0.7729062390611673,0.8430967797376362,0.9140472139977073,0.5756887596547519,1
0.16386042059848727,0.40345772346765907,0.8787843320451846,0.14714854998079796,0.4870728391664445,0
0.06187491809816614,0.30071684289105216,0.10954498972641946,0.5410258759204146,0.831221181273801,0
0.7557282691279136,0.783757643799719,0.16286117674863199,0.8334565671110233,0.19989907765982173,1
0.6587605635216877,0.24581740549325803,0.2426024435924774,0.3501807897595002,0.009948540341684908,0
0.5366055306379287,0.34103648752936144,0.6970803826039703,0.1361187133374373,0.7753304133975527,0
0.618469187698864,0.25998883512040516,0.5182437713723013,0.013320579383908737,0.0956163935389398,0
0.11498252784617946,0.9401097914385069,0.1346002843395787,0.6343522339507326,0.8889838851662826,1
0.03071393843505399,0.20502549135845782,0.8832973145133295,0.11465911174468169,0.6596775465566804,0
0.3148377893251776,0.5889473146330472,0.33087705947351376,0.4409727042495518,0.45990403241654665,0
0.5778604008867239,0.6750208641199951,0.5071773065056349,0.9291607174120038,0.8911696386064653,1
0.8556124598551913,0.006741899674933216,0.8735366046811813,0.2606810991808146,0.2888071624614583,0
0.26418844578741985,0.33844381610128216,0.9408272678914991,0.698778532665234,0.3320222461061342,1
0.704156511378644,0.50026780455569,0.13838065197586935,0.22068542952751713,0.4312725466173978,0
0.0702535081922151,0.04678871161892029,0.7498209087551235,0.9656752293348058,0.10011578957363088,0
0.9253058915211069,0.2553806983071836,0.03292508512982728,0.24856082417999448,0.6108236069580566,0
0.7645610065290407,0.5376303848703913,0.285574809714746,0.854604128849776,0.012023685921027538,0
0.44126089368509,0.8230132648087305,0.3143341970122898,0.29010656235012533,0.8465819736784008,1
0.29658260116767565,0.39688266426632246,0.8086571986395464,0.8834402789441068,0.08949541670521,0
0.7233271310191867,0.1995729847016594,0.921217335093206,0.6984265804449613,0.6131069226163454,1
0.03548064273476326,0.7454543604314617,0.4328506004415308,0.7053297201278995,0.6763271097672072,1
0.6854538137871833,0.8672124678643879,0.006732134250367561,0.842834087866713,0.04646162635672568,0
0.2420722688110567,0.45061616637376367,0.003527638579563175,0.8757698202337003,0.5432226890453954,0
0.5961154831202436,0.5676024978376991,0.44697951347491105,0.5804471802424295,0.9993470491616017,1
0.2411237001680997,0.8762179956885151,0.660313151945805,0.6041869113434297,0.2792572840384112,1
0.75276283747796,0.0320151370564119,0.5501026924840353,0.8592217917409165,0.5516790356152075,1
0.24619825884562008,0.22036442484681007,0.33749781032878423,0.9724874229155455,0.6090589120206266,0
0.3177251497583832,0.9670061408298918,0.4363009651688907,0.12477497658774694,0.8120498810488191,1
0.975052525202323,0.6264793747647874,0.19431548407893395,0.8190530377082644,0.29590850091629306,1
0.36949001278932037,0.31952797767386465,0.7714689850920439,0.2246558041136575,0.9314253637516241,1
0.3758486753772733,0.7760315686552515,0.39779556832516627,0.8586776342700483,0.5207240749934728,1
0.33651744973735553,0.5378627637258919,0.3124445467561423,0.42071950141063463,0.8622099246886228,0
0.027848642945590862,0.5364873460370646,0.6417893431322135,0.8922975820523651,0.7693174238938629,1
0.01824919791966717,0.7632538100966675,0.24072164179003352,0.8542788172613504,0.8820365681216314,1
0.457305741798135,0.009455096310164612,0.20419450138617745,0.6152554592452371,0.6127822352708873,0
0.6868004982467589,0.023440334625475123,0.922578574326564,0.6827243288685201,0.6208547606136677,1
0.556287591099943,0.16191049937908752,0.9005970280558453,0.004376045623342262,0.953124542482436,1
0.638872681011784,0.7155829782066512,0.3481395040239581,0.7635629795431703,0.6255905478294785,1
0.5151038159448225,0.9385276250133284,0.11572060918018023,0.31715496923394415,0.08804171947471784,0
0.20900154108994318,0.23053205218172346,0.9614059210724158,0.4549805105647211,0.25619975292871955,0
0.14234379438063272,0.9321093176486734,0.3684278272596575,0.49901502958154664,0.857561590954282,1
0.23669169473413187,0.10979439912083244,0.9194092301227382,0.13410215040094886,0.07360744314869794,0
0.2563917107711101,0.45719704207294776,0.9550106018719019,0.6486577733613278,0.47641736341433993,1
0.38197339293539023,0.03506942659215462,0.6756866443084495,0.556271705247185,0.8514118096981229,1
0.6482926020299266,0.3611998927091795,0.9256443541922288,0.8727637084148562,0.5323024183624474,1
0.39777422518257466,0.18279026031058154,0.5601940127357585,0.01423542437985792,0.9629896546090421,0
0.6908912873389677,0.3871160069107601,0.24446658898620743,0.7079510469054778,0.47789284858598047,1
0.588353752205258,0.1837430804639466,0.4472401409136568,0.12303647845999865,0.2817952890369081,0
0.6239749328145774,0.15541887994655312,0.5142489763346852,0.9846004975065256,0.10583642139557381,0
0.0650310172459484,0.6302815320641724,0.21622219377908036,0.4044902534269248,0.02531136005131407,0
0.7827540803280636,0.9158256281654907,0.836659621295564,0.626607184159977,0.32990045162170434,1
0.41918364034898226,0.3595318887437985,0.667977188408324,0.7817774275484503,0.16353655883101914,0
0.5650865498572308,0.5749535870101573,0.3315465000552217,0.02684511420021729,0.6532907029594167,0
0.4015496334103097,0.8582419274761572,0.7072922170633863,0.26683845913102167,0.46039409415268506,1
0.5152739241388171,0.6424134301484752,0.599217033826907,0.3139654969818163,0.6878814390371397,1
0.8546207272628604,0.4265324388808843,0.47076704288990157,0.42089202335226006,0.7775458325620974,1
0.8174433796344622,0.7006787713433696,0.5098161955037017,0.713661792329236,0.2616758312207348,1
0.34721291370077223,0.8327115066560024,0.9347493650147091,0.4455491028591758,0.6113061649063366,1
0.6923903529341171,0.7038436923940548,0.08179701721472687,0.3902431356837218,0.4533400760829537,0
0.9164781924855718,0.6635063864285102,0.560099987758586,0.46379800163752605,0.013105753067390813,1
0.9502127348438197,0.13500606550308325,0.5217312899762584,0.5156399695780096,0.7419239672849871,1
0.15748637130086884,0.42148170559596687,0.5729307440406143,0.3735345050815231,0.531122212296033,0
0.44994903466723224,0.002231087857171299,0.5644783897605944,0.4266411455039686,0.9461590508559091,0
0.0843382024654129,0.08107131291987024,0.8418789164942991,0.8171929995089712,0.572267684990315,0
0.5699216343112177,0.8732021948301989,0.9986384977761228,0.18382142407889535,0.7143410006090065,1
0.8886624215282534,0.6574424726977853,0.3455563752280394,0.7634444221716867,0.09938440046622676,1
0.6642959570667036,0.4685628797331276,0.8225819259675007,0.27475279172097566,0.6217697974675476,1
0.4680467618270263,0.16286996406700005,0.6143503684050244,0.8672503875535059,0.9722017471854928,1
0.35771669094016856,0.27603157722773686,0.08519136098491431,0.5827365356262045,0.6911912563218182,0
0.2016056240694888,0.6277606725624835,0.7289138561700159,0.6437826376662792,0.7780728350406423,1
0.11590971534138828,0.09101261452606146,0.0879626459511148,0.1869725724491561,0.6641789046369518,0
0.8233883113153234,0.652610714136446,0.5487468362208587,0.5395538605032681,0.8243660907976437,1
0.4444300988559853,0.8474076538356885,0.7009728236338841,0.27709626472826965,0.20373450367610557,0
0.22627075359703452,0.017245802266043997,0.6767703930327739,0.785408308886218,0.21156873691805256,0
0.7800620106630775,0.05897353547667017,0.8805245382896415,0.8908307326512092,0.4570736399373869,1
0.4044203818526678,0.3261351503498975,0.2558705076956369,0.07020505058525162,0.0078076559802188195,0
0.6247405359203415,0.30902086690587816,0.6560785890934032,0.04732102345382849,0.8696566301872732,1
0.9241231331751507,0.26539514275101184,0.37399463985118553,0.5451209764746573,0.005899986936308221,0
0.555044860760549,0.0384881304303234,0.6104858363788049,0.8240436346183385,0.0018872431851311156,0
0.6130247825183448,0.20876775447115503,0.7640581764552516,0.04211878587056661,0.654366603964974,0
0.7201404060037415,0.26629390579112644,0.28808980618453095,0.5255910427213046,0.312834602861057,0
0.483901904554483,0.6719937981394312,0.02524552582325823,0.04073553153807297,0.05169065065094469,0
0.9866851971276122,0.7073033404789324,0.4363209805130355,0.5741557923556573,0.7342873668564053,1
0.3628000682710658,0.9113590996292138,0.262905845413006,0.3706399675660882,0.5370777729974847,0
0.5226094356157588,0.7355321221655705,0.2796426260306909,0.8105291736497963,0.5151011035497218,1
0.20537703488080306,0.49539776649748946,0.4768386649001165,0.36139430553043483,0.9480536986727496,0
0.5368331218206662,0.6209690292590994,0.9365461412291973,0.5075813708526111,0.7660868361224297,1
0.6227010520996783,0.32059174912030175,0.7605924728320639,0.10966374033266157,0.33949479711264274,0
0.8201412174553931,0.4837118636767591,0.18860652517550325,0.8289578202587362,0.5925014746401732,1
0.2013936240756362,0.7818148227793996,0.879086621028253,0.9918832475850204,0.12934559725726702,1
0.9975416739582704,0.349246205853475,0.8919876882581523,0.1707616608563175,0.3031637370153436,1
0.7583729860284915,0.7318045231400447,0.8810878770164059,0.02882427917041841,0.24282349412003557,1
0.5886810240652133,0.9560314629990437,0.12445102422075571,0.44191562408102547,0.5047533544152061,1
0.45288949725035255,0.28353755584320595,0.26136359373032436,0.5322434569224305,0.5815624061874438,0
0.7449775105783216,0.3322247966700447,0.2394489667837102,0.46235333403200085,0.6621500479349811,0
0.8540235709404645,0.16963652463714873,0.2842169007655456,0.43690198688845616,0.7742733113657384,1
0.590977595986097,0.6370091726838173,0.5227818379069586,0.7273135576281183,0.9229258779423306,1
0.7049192527321417,0.30160985768635595,0.5979498883558524,0.9774710573720458,0.1586990907699095,1
0.6939185859040516,0.33012517194170665,0.49231128968669347,0.2762667943413346,0.6070289046074259,0
0.5293415148059701,0.9563689671651266,0.48479761429465873,0.5191274282559513,0.9020747386927124,1
0.834819843854234,0.08103018345812663,0.8616878044710817,0.27111487235565734,0.8068706692510649,1
0.4713324820765423,0.9234876099526488,0.13709016545313468,0.24128607636133803,0.8961220118640575,1
0.7829853880169482,0.20249001451821325,0.5341148057439249,0.36159447375567877,0.19449060801550822,0
0.2560846414271276,0.08674322541788615,0.1306182382858454,0.7063932868539263,0.6242880193978511,0
0.5351314346604837,0.5738219439527538,0.28651538661186804,0.8998474320631304,0.10407179744775286,0
0.59798270063822,0.30510005935726336,0.7113363877962375,0.43797508806368124,0.022568916854160848,0
0.8736381103328292,0.2481248593100912,0.276843277534064,0.2807643852193159,0.405480256387057,0
0.7770434351228017,0.7443751954380033,0.004473375779774913,0.5589533894700299,0.9071772368964778,1
0.5624851133378564,0.8377858029995668,0.25937605468728264,0.3704307364529258,0.23945941776071,0
0.27697863174973747,0.4514314449900464,0.9918849902973792,0.3766180054849113,0.3687756429029664,0
0.36480342148763045,0.7521024416953409,0.9133809296277519,0.7870591159287478,0.30352143675407817,1
0.9156752027948087,0.4092682237109321,0.3558144964344634,0.1329430278305035,0.48352096972370606,0
0.6592196529942107,0.2558289278722147,0.6690514074285921,0.033001075439809346,0.7458668948979291,0
0.48722781265511816,0.28287154922897906,0.2555147658021496,0.7434173137305943,0.7500438201541388,1
0.934785960754077,0.5293007779859376,0.1245500797789102,0.7427773654796838,0.5865268486800876,1
0.01379262953342908,0.37653138776611006,0.1400473773019929,0.5053253008364208,0.4283485351125693,0
0.4592671336751609,0.4626280652384869,0.3519459322848968,0.4385818877198846,0.01209227153818182,0
0.08260178495987036,0.3269520282302779,0.9149308027618336,0.3516319513863112,0.8564980685878906,1
0.8668277199527051,0.3713244390244256,0.6414934523060573,0.7079612190340003,0.5080849861916288,1
0.6186386130180964,0.2546757952623486,0.2615462633725637,0.9848813557188368,0.8682388006504943,1
0.0172376063103874,0.30454506907593093,0.5329412972453053,0.018820447960541054,0.7938700236031587,0
0.1859557604987535,0.8279295259991782,0.9942135950654543,0.9873718982829401,0.2146773931060445,1
0.8125379172333733,0.049436023543068086,0.8353287294958204,0.26832617753253674,0.5068876201207783,0
0.02728593849868821,0.6314037637240999,0.31847250132346183,0.7773725591648368,0.0909617189306019,0
0.8382626525331313,0.9668613769403047,0.7195207383015175,0.47822493859635506,0.055891583949465806,1
0.1861089771772264,0.8139063141739268,0.06308277074505908,0.09882594240466802,0.31500254254471527,0
0.5480951429844866,0.5946373790624064,0.5370350774481276,0.3784162537497091,0.9923237177889078,1
0.8687910591473447,0.6033533580591124,0.37892806955781677,0.4151563010529936,0.8441594342866597,1
0.00014100793531701683,0.27837223775026043,0.5900371556431733,0.11570437483408691,0.9986548193982406,0
0.4123548225373338,0.39860276891363977,0.39161289850806913,0.9063371599111194,0.3095854858900572,0
0.43138587310305854,0.7234661826188217,0.06328006716669576,0.664336899353624,0.08510024372975555,0
0.9333092568907484,0.5257777507995338,0.09120718054846244,0.6964192661122798,0.7986859097954766,1
0.06313664084024384,0.2627603385020223,0.18239827793286922,0.7437676943942517,0.7992716913736991,0
0.7208889874652183,0.6398438225705547,0.7682179254666958,0.005924550014738239,0.8185346559213972,1
0.4996255605863231,0.013995378747359677,0.02537955440569617,0.02196635583529727,0.04652703492069321,0
0.6778646190101535,0.9440677335434322,0.5184448803376678,0.825935838115318,0.9007336029219607,1
0.2932141463838168,0.14860687757867685,0.46548210216684216,0.08118472061801119,0.9076456487960071,0
0.8763609137329217,0.22110560698079507,0.8576214874812219,0.9228064751461668,0.5956128799004367,1
0.5867800574533122,0.6199719409294262,0.7687012678444688,0.6752028433902082,0.9459205884329979,1
0.5796625874083763,0.932144853673387,0.40998652936340774,0.14093207494849647,0.23062368713085513,0
0.8497362342035117,0.03302371653352176,0.3072069260625855,0.18621472706908038,0.3333951030698018,0
0.14714186776860438,0.2304753890599064,0.5585857553287394,0.29232002680315605,0.30960509427813054,0
0.09338454452600264,0.6188014177698787,0.6788617092355016,0.49747378166290945,0.3894440454483079,0
0.18817744737788566,0.48709929020091647,0.9610778056532975,0.07661347930058993,0.9065508023401092,1
0.01618967181755626,0.24266831687800738,0.8145957926311262,0.453410169271799,0.3862103404572339,0
0.6478424082728633,0.2654561038222041,0.27221357621170783,0.8181022888180516,0.0675935791460921,0
0.5879007828162047,0.2185252948769678,0.6611579921985303,0.7530995415407448,0.2662458178804691,0
0.9747934078507626,0.1836491164127274,0.3355902461577025,0.9708908940380874,0.014320509690542993,0
0.7796562893937198,0.6810321505647648,0.9495999334753721,0.3918198970757204,0.031623884409637815,1
0.7570516681997366,0.05902580828910664,0.33936972961014444,0.3859562376780733,0.35582040326887043,0
0.612943633027151,0.5898165791976564,0.7416731332539588,0.008075255937711856,0.008525152224179378,0
0.32400802710306575,0.6783230441380635,0.3721815024103582,0.08331780912690057,0.33124324867513866,0
0.06059601313432228,0.7071098692175934,0.7449600839284192,0.7575150874708588,0.9224279271657208,1
0.07459367436116648,0.8170319594972902,0.5830487024246881,0.6399536447131988,0.3488932366123987,0
0.7648437317486692,0.9174614901487455,0.7999654732403724,0.7206660882182576,0.929755212191762,1
0.6537745925455121,0.12226637392440942,0.6423514510700018,0.3194795419541254,0.9838296963987466,1
0.479374299593348,0.3333986222762225,0.6666148435895055,0.36621123002008393,0.6755526981234588,1
0.34169061792885314,0.8976406168157643,0.5421713950452831,0.5238853863677064,0.9384003400630425,1
0.5121315055030021,0.5501246027274814,0.4017101997874586,0.469554819080766,0.20949597297616007,0
0.9830183911117529,0.01627636811373112,0.6472992170937812,0.3344632548404016,0.7319623885129212,1
0.0632296665067632,0.4980833399700103,0.5268600005721619,0.21165402991019577,0.8479142422998849,0
0.4281683386973477,0.4912813816827172,0.19004684776372816,0.6879610956039792,0.28530758644236753,0
0.5734847508879638,0.19187674780132058,0.43661969763087116,0.9500193918178118,0.07611626865665189,0
0.5533983045866527,0.9717254452222799,0.8207438362102991,0.18492154838956298,0.3862429638664261,1
0.45963180293485106,0.046337920376534836,0.5424237097606373,0.953212533190752,0.5506198451422778,1
0.2837876231139006,0.6500417937979115,0.6833840630212299,0.29707371984378883,0.22042320269169768,0
0.9472740285607535,0.3831266773738118,0.46019360342670157,0.7148108432951782,0.6436534456407939,1
0.6406300480718741,0.12754986640026067,0.7553617116950798,0.05211704827325592,0.9708786318452958,1
0.7765050534714443,0.8345492457204174,0.4520322715955052,0.6374872435501645,0.35936398359753063,1
0.09678357314561192,0.5063544766741275,0.8915598084161207,0.16896046216918448,0.9433070911595387,1
0.14436493588678445,0.18329397888800236,0.45759771668758287,0.639399463416045,0.061167756705661325,0
0.953248945514904,0.3425385220329128,0.42231774170817293,0.3054365957439864,0.14200114736969793,0
0.13235759697435479,0.0705886623832288,0.3881000207690647,0.5308327522094308,0.4849972851322196,0
0.7189247450082563,0.0366641793454181,0.4843279990862994,0.6979779973931628,0.10364552703792584,0
0.1487014732315165,0.24747569455664564,0.06595118114431675,0.42379996944065734,0.3387877602827253,0
0.16955246610261754,0.3054716497238762,0.2965508910442094,0.2878153880808715,0.5341983902390056,0
0.7533236187197986,0.6181441266585603,0.1916467683596479,0.3246779802362537,0.7941815812890834,1
0.22839188046451253,0.43298055808828784,0.5479903868383145,0.6385537802220286,0.28736222624037366,0
0.7545412335754366,0.6853199189521386,0.8544718822898026,0.3931316198934286,0.26654614140131394,1
0.7172958383576152,0.35289088529482393,0.06696333324161174,0.7004397076604931,0.013707618980762004,0
0.8291725583622469,0.8592322302602704,0.3787518297555349,0.4877852246774911,0.4439472771302785,1
0.04661069894677561,0.21060180607594803,0.917909917518193,0.22260511717483333,0.4164922218618724,0
0.681789988739076,0.4608943960633365,0.1642378877860261,0.4336122594970945,0.37446040682204396,0
0.19991044263462132,0.4398659706079775,0.8906667386144755,0.576437104340845,0.4022492182360048,1
0.4188577805839203,0.16709858784044485,0.8991069969270797,0.9635593473084764,0.2049958746293633,1
0.33241773605307046,0.1870240111159096,0.34408569785705667,0.8740329577356404,0.9049554474793429,1
0.20987677083284662,0.42444315791490506,0.1796528165729505,0.3951166683594659,0.9454064215664406,0
0.925684042949353,0.9305801104194892,0.32318132885307316,0.13474516835321315,0.20047451757041335,1
0.8849083729745381,0.9342156854437879,0.4979167876110985,0.3825039379490234,0.30952527358033954,1
0.5531532206977652,0.32075710110681077,0.2694101185155269,0.04500672988352117,0.28520081544310394,0
0.33442682523010536,0.6994670334573297,0.3177021627207993,0.46651025800976553,0.8837176359521018,1
0.03002792882163674,0.5191064987825297,0.07683587316857066,0.2521437487412147,0.03748677844449522,0
0.6767560478745429,0.4841982338111076,0.8234231817760036,0.7585458999456011,0.8442016527647818,1
0.4249333250005227,0.25539178258924466,0.41682443560140703,0.07759464211937805,0.02745787206482786,0
0.11914492792172471,0.13942626367683641,0.013793643592183491,0.5778336738043278,0.0511213630160251,0
0.35340104373505377,0.8462257110786097,0.1170360911651741,0.006766946498127258,0.5154082067963828,0
0.44469141481732155,0.8322376497902806,0.7231593642978416,0.18358512859488518,0.06028615036437701,0
0.6880570189217367,0.32426807455595585,0.25016166068165047,0.7763497185003938,0.432473518798163,0
0.09167924800904459,0.8787738760308917,0.9734374832202715,0.8602039185540139,0.3738123855519001,1
0.46651654408878995,0.5480716901063746,0.9190399618419683,0.24226325267050242,0.15940125275331118,0
0.14466651086107252,0.05863013570082609,0.4835899172957473,0.9966598508442215,0.8786747658730484,1
0.9446476275042576,0.6325195845265009,0.5202064700608895,0.7779643561677823,0.6478788802483096,1
0.6743985734234582,0.5728149859064441,0.653173399061692,0.47895431215878037,0.8106229058990008,1
0.2461931286221003,0.860918642013591,0.18236704186209673,0.6599304936464656,0.11166856839467976,0
0.34992939052065075,0.12798874055581655,0.32291479954936564,0.6690802620416662,0.914284258189681,0
0.17636475596316825,0.5754687067011889,0.708248699089114,0.2169040108054514,0.4893805653231008,0
0.36612990879271967,0.34956291685059404,0.7750383424144666,0.46538724633481476,0.9088701683789553,1
0.1290571329612099,0.8416969379036328,0.8255031253535382,0.3953255895182295,0.698399806319752,1
0.9094066146156007,0.5893346394106495,0.7014762871081964,0.43972737382765736,0.10328855054006081,1
0.8036352253678605,0.4910351050348317,0.964590982016107,0.026689853266168018,0.013629604403871842,0
0.5426592044063557,0.9773809311388476,0.7775159988829782,0.086592330098893,0.2216538125011258,1
0.5220824615604364,0.45011235740372846,0.9211975582339333,0.7925481102706852,0.7434997707417458,1
0.851315913261619,0.002165843773656917,0.03649829426589424,0.26730267596490964,0.5960394174161189,0
0.23850088933390334,0.8101980834038417,0.6431048506006543,0.5450958738713774,0.9800569584673062,1
0.9443801914953276,0.38520151578239226,0.8400701889186216,0.9762115738041708,0.16963398481290215,1
0.28851273214186834,0.8316841540782124,0.5042303690466141,0.7886285194993435,0.2674465237216127,1
0.46926874091251636,0.9211050918720992,0.5707920612860099,0.7437719854543646,0.21527129072040552,1
0.6625439326638438,0.8749085066655058,0.5772081886004768,0.14379014721804073,0.1434271756101153,0
0.6008304888569702,0.6119753735197805,0.4407770427019998,0.7070366607478569,0.11755016175664235,0
0.8566758211737447,0.027942463753575453,0.3213460542930725,0.7885424300893035,0.7141239703525054,1
0.4004209439314558,0.9369173668643794,0.3634515452719095,0.16392406637512513,0.34233485332183045,0
0.7335077592744896,0.49829573140475114,0.6234191895716918,0.7098019553701831,0.3408677138023366,1
0.281906975888495,0.2700840078260337,0.8463612343561315,0.2771831088478707,0.5907184066047412,0
0.952312476755665,0.17026656986904787,0.4498662530619876,0.7430013703259845,0.2890954351050231,1
0.09984087894601235,0.93656992108108,0.3634509978893028,0.32917322791829107,0.982378158323518,1
0.33978399500372514,0.3209522533592021,0.7996505872626813,0.5307077284115378,0.1147202404261145,0
0.9559001160786761,0.20874367755282608,0.2783262575521064,0.20812397293610696,0.6365872591052847,0
0.03893797496273799,0.8248908730340433,0.050054992250675,0.9392391703563171,0.860853904370667,1
0.8420297783226581,0.8289393375716129,0.6452391033553996,0.561759516437766,0.16161313835572655,1
0.36623572620435896,0.9978820199623858,0.9789422641726335,0.7345924795156762,0.6953383048331537,1
0.9991687663004744,0.3985599990190447,0.12622152933870623,0.5833168460738299,0.7508271642569838,1
0.2631706252515308,0.8533349716944244,0.37384146982991673,0.12114894892597261,0.648213580268798,0
0.07279995062990474,0.6398777079918387,0.8551792711006888,0.16686797460307334,0.7497129471455826,0
0.4073093430257192,0.28664747116045053,0.1872202453470585,0.3787644529175237,0.06968668915692566,0
0.8949458878710511,0.2207414251224673,0.8596750555630562,0.9366601397025328,0.12229442684560077,1
0.39276886910922426,0.5334239862875098,0.8894751720773384,0.30512754823559807,0.21599724844670243,0
0.3361555624267727,0.6909967580172162,0.5697566282995459,0.8154008612979783,0.2603852536644127,1
0.9845339577473757,0.0560282076429337,0.49223713300800265,0.08764709714599206,0.00800620739783009,0
0.36839544085071607,0.4898393640436327,0.6394567679317443,0.7877756312821673,0.2022713922805648,0
0.7605093836139648,0.1438414061887614,0.20737792010724365,0.6563338250407534,0.4097403644438121,0
0.47516778296023465,0.03953027106500173,0.4027814691039241,0.30987917599428216,0.5716525044406466,0
0.5794611264723616,0.17222265739846887,0.04994376285302937,0.9920286170369557,0.37532884135410305,0
0.08967679249567484,0.5459057262928947,0.4609599447895143,0.08025584786111917,0.19310060680335428,0
0.07278542202775895,0.7698827783427672,0.7097719187763244,0.8029302949564471,0.6010700463317823,1
0.06086806539183531,0.6044966097113685,0.027009744060599417,0.9346897566200059,0.8860720856532918,1
0.3158574647053004,0.581839004318,0.5698657568633398,0.010449469785739796,0.34536924272270497,0
0.13925965098539828,0.6909233250264639,0.5919901980861598,0.2106281872872292,0.3941956715082219,0
0.8351856281377918,0.8275623580578547,0.6222368343154514,0.709690423638108,0.35330360989263176,1
0.49113029876918146,0.28109633986519,0.16951829171613164,0.020765068685059784,0.2500390220554779,0
0.009154884954128417,0.5110137299957874,0.04337816105505332,0.7537631584975891,0.44698820764205205,0
0.7462621631454317,0.5622475160025275,0.5648544670894159,0.806186996731199,0.05122750279359023,1
0.2923179135413734,0.606331598670728,0.8561539428759855,0.5831199229817903,0.9997708225128764,1
0.7083038743911677,0.9326135682460817,0.32818014841223897,0.066654217021473,0.8448371800060077,1
0.7679865877074582,0.6639473619232238,0.7026583604711908,0.3611545140823844,0.1901773074276868,1
0.6460326153576221,0.5677393469444636,0.8379510249848978,0.680906019828143,0.23256401462970067,1
0.5420620920517032,0.3356256147342924,0.7846980843896871,0.6774821037845101,0.5017017649556893,1
0.9645855158490276,0.4962612823171463,0.35039101421720054,0.42296928340462947,0.3243237130268277,1
0.20905248334294735,0.6037511066580745,0.4306868984248331,0.3962706872263605,0.14483414068647416,0
0.8705933536170243,0.4058787246280079,0.9308102288719053,0.5934676418780881,0.3354527295880997,1
0.3447381341854031,0.9627558709796348,0.7755682780767283,0.42567396278124836,0.22904178394445862,1
0.7176010071100382,0.813822937746333,0.7719705653690128,0.8985572758504532,0.1959343126881713,1
0.253498534486015,0.8910776465410191,0.8440340511506311,0.8451175204338794,0.7595006230680799,1
0.09541650170509841,0.9720797272149344,0.030827140322572832,0.27403542417868243,0.043319741591716365,0
0.5995056324632142,0.5302862641614537,0.7402486021862987,0.4366986709020322,0.1285870817539213,0
0.04838228738895001,0.1400086802400068,0.33714657760750355,0.36815243589331115,0.39171474937501494,0
0.12498282114122128,0.21341423597414655,0.5786799315855985,0.8143241599083132,0.9400794769877071,1
0.78934947015235,0.07767548161900961,0.7699491092120454,0.6796717205833406,0.5476433121116473,1
0.6456477950024823,0.08194528207902718,0.5501067550728206,0.8285830972189325,0.5835965938181479,1
0.5001847875202522,0.16662691089723214,0.575137740985321,0.11663180612616908,0.39092668519141716,0
0.6489307208655515,0.06550309351721062,0.7220669154839556,0.45139939306132426,0.0648992427430315,0
0.07443630196404971,0.16494808836129415,0.3132770907662653,0.06001288787898118,0.5937952418108065,0
0.5404410821850073,0.9281605931383424,0.7792916740961842,0.9753544304045665,0.17405817845455485,1
0.9237423103879456,0.038335154428218,0.6248874291348964,0.6408638058786028,0.5223970928406589,1
0.7759685396009673,0.42945594787926034,0.9410918740353836,0.9107756573258295,0.18996499074518347,1
0.39541881288830927,0.3173672862670124,0.22023165983203297,0.8849949739450317,0.5078656061759435,0
0.3903295217850866,0.3505367162926183,0.9723112868827924,0.9116205618955749,0.6033415496138316,1
0.15429643775023305,0.03858363739424575,0.6012356320918035,0.06042659510333459,0.9465520254283337,0
0.45721703374393485,0.7738332952680884,0.8092955561614024,0.25801927787582823,0.42925176040991075,1
0.7648737748779707,0.6605720358067142,0.520837092192775,0.7412333901864682,0.3332066289338088,1
0.034684064620777,0.7982176600910796,0.976553913137693,0.7042287098582307,0.30560897609047966,1
0.662027647610904,0.22187281855099228,0.2791457232091381,0.9237016686364794,0.9141012256033141,1
0.6779621892520474,0.3719678571327838,0.05928125761850822,0.400127451747163,0.09553615158939366,0
0.005631999162876711,0.5099675572284248,0.2825220200132056,0.7869437160081714,0.4264624721775354,0
0.3922737353743293,0.47620831206148173,0.4512787555824985,0.11500944139254976,0.885086793731388,0
0.5791392461345518,0.8700215835077649,0.7987336420854461,0.9254086513677896,0.12900808454879775,1
0.41020705283172065,0.6328543175869125,0.6340994435102072,0.26785242327226677,0.4905445222819752,0
0.5922043123895162,0.7307368937892184,0.3658344089736053,0.9409646965888562,0.4444463216427029,1
0.5647175810871223,0.015740413029107114,0.7304937888422767,0.07853968370076625,0.13807749228500188,0
0.7346234209350107,0.8526038581326049,0.03127538117847162,0.9729590671703233,0.4929168050531473,1
0.6308487338088058,0.15685159526051473,0.26172391140034035,0.5243386894261253,0.8472390092482266,0
0.7798781545856667,0.15601338492473016,0.25121616161659466,0.5500534579827928,0.40373079104245735,0
0.8857023554877099,0.27155173243164854,0.7102925333967894,0.9815445605210176,0.7876155611122176,1
0.2746153990646609,0.8823358385905814,0.4708544616339516,0.20244344458833907,0.6550698701829097,0
0.23556086782029195,0.5485216909598039,0.08890431876628813,0.2437141536175168,0.48016874966637135,0
0.10540415449427387,0.2694739842637859,0.44683476971479863,0.903947495679209,0.5711733335793158,0
0.7904745439486258,0.6070142629268932,0.7116725192045014,0.40963034525358855,0.5313300424790134,1
0.8583011025792809,0.02608736587459748,0.8817426224840065,0.6601984953176075,0.506129651986804,1
0.848266242657025,0.15860713799921133,0.5782980341465289,0.5277901148922965,0.10144740159146581,0
0.009353104836244852,0.6194779208877228,0.2422616010361911,0.5722377263266212,0.43703798090194557,0
0.7096278955506984,0.03626516005210134,0.27270110764607725,0.1833572650217724,0.11176045686457337,0
0.634563043081811,0.8152884242777108,0.7872176824729196,0.9779796569184007,0.6531192884970437,1
0.9797725104414831,0.09000747421054311,0.526855976655613,0.6025334892186945,0.931200686959565,1
0.6142583044012533,0.3147197099484399,0.006479009391483714,0.8285371781636192,0.4226982501979274,0
0.6728659300998239,0.7406718364114985,0.48559696485944315,0.11002158155059683,0.9244617604601676,1
0.2799098091929133,0.38072452088385356,0.88962498447436,0.5063342431647232,0.018604052654050296,0
0.932315767875707,0.4359659178921719,0.38090407552559036,0.9298643116558858,0.07725546348821755,1
0.6331610558896152,0.40736249494175125,0.40034173645254667,0.5659751948076961,0.028591151491743627,0
0.5493700125133681,0.42791147684707753,0.32397886288091027,0.7043597261417781,0.09262259856216348,0
0.10418720479818366,0.21646951086050825,0.9123390254107969,0.4042888521445356,0.7415584960022271,0
0.23378536753382595,0.8128171849396413,0.6694110418049439,0.3758928600379714,0.9490878087589819,1
0.45862042305684836,0.4963855134831784,0.3721666443727508,0.35665148683135617,0.15083677170627463,0
0.8549493420235607,0.9922952804462594,0.48694143125490763,0.38764118800484826,0.8515576981064599,1
0.9206883654989941,0.01706484634512373,0.07947204536203922,0.8996422326928778,0.49219624940865225,0
0.21702821907755265,0.7074571709273251,0.28161494989362157,0.39838958866669716,0.22287401902094228,0
0.4988713307663958,0.3250794882478586,0.36716130545958314,0.7395602936586753,0.8881068102989675,1
0.48367838919571426,0.4256616846840261,0.6093823533467027,0.38587155456815025,0.3540250828069106,0
0.7395949891934348,0.34985006278684083,0.2986303979630013,0.005262647024428246,0.8055103438338275,0
0.6451720506718756,0.08973014200290785,0.8627795756746763,0.6311104351649256,0.42323302799732665,1
0.24080687619757324,0.3032680169471813,0.9221460854954383,0.8990689663938288,0.4598968984405186,1
0.03667928530270781,0.808861797163955,0.2059624241469702,0.3629337515705561,0.9844382285423253,0
0.04729031744697121,0.5999737764984144,0.32382984340351184,0.8439124183647235,0.7443365253552939,1
0.2306779695453245,0.9907762967543018,0.21875936599497192,0.9812281911149061,0.7188956910500383,1
0.6663636936622186,0.3354363949241843,0.44906776413102845,0.1376580925855364,0.736736025603523,0
0.9496494280860639,0.3522249268142097,0.3355213064675583,0.5301373476922557,0.7941221242081398,1
0.8559490767889487,0.25291686411533976,0.2526423648128361,0.9593317782900843,0.8991304340269328,1
0.5601041470630441,0.33183617378213126,0.24758741436718013,0.9370009611406064,0.49352579926050766,1
0.5147648221791356,0.20207742800796502,0.4227104481320598,0.4052522079519836,0.39198368297186625,0
0.27336250340130475,0.9416736609954685,0.2123246000370983,0.041690138138670396,0.9895612424739388,0
0.6850754124991943,0.6150416483991603,0.6387860561721606,0.0013951894774262286,0.744312632852401,1
0.8315480768478241,0.595175643901964,0.05078730832172296,0.4006776874031719,0.7840338918797749,1
0.0942013165030553,0.06921728133613458,0.7564118961347871,0.18048361472845986,0.6535938169752737,0
0.5930470452710643,0.20198719010431465,0.5088021269235884,0.7127523884859039,0.18785550962047903,0
0.47047803381074715,0.5380868696789739,0.03795144524135219,0.028719660538391367,0.12178245162903112,0
0.22009070872347147,0.21156893217134132,0.11697266392145811,0.5711245761350867,0.8296029730073783,0
0.4594525097729417,0.8417013604504254,0.06627083168403625,0.34718706327289117,0.6866542902753436,0
0.7117542923913345,0.055809009150144306,0.27912769641352797,0.2624584118981247,0.09576527025100778,0
0.18654406178557692,0.1723804747905091,0.11751301813247561,0.8248128476802403,0.4732578193907738,0
0.6022338251043569,0.9904519516931514,0.8433893670283411,0.34129659803138757,0.3565047994458773,1
0.27798044337051653,0.17731872453077413,0.8656854109210773,0.7210970100956852,0.18331611388878488,0
0.9088110629027055,0.23671061003445248,0.3133815042642146,0.6507864398730248,0.4763193374351714,1
0.8636938500731682,0.48633953937213836,0.01958308357177141,0.6028098426159916,0.7808811725968714,1
0.1234476793836452,0.9228333641767446,0.8796850383858437,0.4618717210388604,0.7611453392935986,1
0.2162517069000247,0.11815054007029546,0.04178993209907966,0.5236371291979725,0.5098473629851155,0
0.5356362222604153,0.801350047418682,0.3088691413856326,0.23805820796046573,0.20551685934863595,0
0.17406046788071095,0.9797277485282475,0.4383844739747156,0.39125152739192914,0.5282321478900538,1
0.640253128515209,0.42740118893874723,0.34585744721440426,0.9586393774122782,0.21162645134094515,1
